compliance_id,veh_name,techOptionNo,market_class,fueling_class,base_year_market_share,market_class_share_frac,project_sales,base_year_msrp_dollars,market_share_frac,credits_co2e_Mg_per_vehicle,target_co2e_Mg_per_vehicle,cert_co2e_Mg_per_vehicle,cert_co2e_grams_per_mile,cert_direct_co2e_grams_per_mile,cert_direct_kwh_per_mile,onroad_direct_co2e_grams_per_mile,onroad_direct_kwh_per_mile,new_vehicle_mfr_cost_dollars,new_vehicle_mfr_generalized_cost_dollars,battery_kwh,curbweight_lbs,rated_hp,footprint_ft2
consolidated_OEM,composite vehicle (sedan_wagon.BEV.car.ALT),0,sedan_wagon.BEV,BEV,0.31003820496658996,0.9999972558705682,3492102.898291367,65770.67019233223,1.0000000000000009,68.22844334680323,61.80425774680319,-6.424185599999996,-18.799999999999972,-4.999999999999996,0.20380210832238946,0.0,0.2649837840597193,45094.95794587523,46886.94208021953,85.81141403047974,4228.9955053543645,264.67316185831857,44.43223183192762
consolidated_OEM,composite vehicle (sedan_wagon.BEV.car.ALT),0,sedan_wagon.BEV,BEV,0.31003820496658996,0.9999972558705682,3492102.898291367,65770.67019233223,1.0000000000000009,68.2293906066211,61.80520500662105,-6.424185599999996,-18.799999999999972,-4.999999999999996,0.20380240216803874,0.0,0.2649840933507718,45095.15057296624,46886.9980209624,85.81153775496365,4229.022830475813,264.6751097495277,44.432923128673075
consolidated_OEM,composite vehicle (sedan_wagon.BEV.car.ALT),0,sedan_wagon.BEV,BEV,0.31003820496658996,0.9999972558705682,3492102.898291367,65770.67019233223,1.0000000000000009,74.16778828701389,67.74360268701383,-6.424185599999996,-18.799999999999972,-4.999999999999996,0.20569091328477207,0.0,0.26699364001894427,46453.60613807468,47365.80853957369,86.60670033043048,4414.292026931318,276.431064935325,48.88224939969622
consolidated_OEM,composite vehicle (sedan_wagon.BEV.car.ALT),0,sedan_wagon.BEV,BEV,0.31003820496658996,0.9999972558705682,3492102.898291367,65770.67019233223,1.0000000000000009,74.1734489203382,67.7492633203381,-6.424185599999996,-18.799999999999972,-4.999999999999996,0.20570342267231392,0.0,0.2670070486981612,46463.80729070884,47368.997487376764,86.61196744097442,4415.7021296632165,276.4964322537007,48.91765139499914
consolidated_OEM,composite vehicle (sedan_wagon.BEV.car.ALT),0,sedan_wagon.BEV,BEV,0.31003820496658996,0.9999972558705682,3492102.898291367,65770.67019233223,1.0000000000000009,74.17412892092531,67.74994332092517,-6.424185599999996,-18.799999999999972,-4.999999999999996,0.2057067486080699,0.0,0.2670104996965264,46465.948088894365,47369.80750357182,86.61336783497696,4415.986025444026,276.52059906260996,48.92439306086345
consolidated_OEM,composite vehicle (sedan_wagon.BEV.car.ALT),0,sedan_wagon.BEV,BEV,0.31003820496658996,0.9999972558705682,3492102.898291367,65770.67019233223,1.0000000000000009,74.17450320828809,67.75031760828803,-6.424185599999996,-18.799999999999972,-4.999999999999996,0.20571019988065706,0.0,0.26701406076077655,46468.18412664064,47370.736560236954,86.61482100238207,4416.265540316369,276.54696557602205,48.93101852106151
consolidated_OEM,composite vehicle (sedan_wagon.ICE.car.ALT),1,sedan_wagon.ICE,ICE,0.31003820496658996,0.9999972558705682,3492102.898291367,65770.67019233223,1.0000000000000009,-5.555095385396265,35.31671871245894,40.871814097855264,209.31566544706254,223.11566544706264,0.0,265.00552081872115,0.0,30170.822699803837,33136.585070221656,0.0,3202.5860892246387,199.80403243956036,44.43223183192762
consolidated_OEM,composite vehicle (sedan_wagon.ICE.car.ALT),1,sedan_wagon.ICE,ICE,0.31003820496658996,0.9999972558705682,3492102.898291367,65770.67019233223,1.0000000000000009,-5.553745966996986,35.31671871245894,40.87046467945599,209.30875470878377,223.10875470878383,0.0,265.0013374295707,0.0,30170.863206327333,33136.58577310602,0.0,3202.5860892246387,199.80403243956036,44.43223183192762
consolidated_OEM,composite vehicle (sedan_wagon.ICE.car.ALT),1,sedan_wagon.ICE,ICE,0.31003820496658996,0.9999972558705682,3492102.898291367,65770.67019233223,1.0000000000000009,-5.517333385542137,35.31671871245894,40.83405209800114,209.12227598533835,222.9222759853384,0.0,264.8882676762059,0.0,30171.980323179938,33136.62706662545,0.0,3202.5591170852376,199.79938495148863,44.43223183192762
consolidated_OEM,composite vehicle (sedan_wagon.ICE.car.ALT),1,sedan_wagon.ICE,ICE,0.31003820496658996,0.9999972558705682,3492102.898291367,65770.67019233223,1.0000000000000009,-5.45171422208231,35.31671871245894,40.7684329345413,208.7862224196026,222.5862224196026,0.0,264.68046460178977,0.0,30174.164562116213,33136.83412431289,0.0,3202.5591170852376,199.79938495148863,44.43223183192762
consolidated_OEM,composite vehicle (sedan_wagon.ICE.car.ALT),1,sedan_wagon.ICE,ICE,0.31003820496658996,0.9999972558705682,3492102.898291367,65770.67019233223,1.0000000000000009,-5.2812445924518565,35.31671871245894,40.59796330491083,207.9132011272473,221.71320112724743,0.0,264.15195856585996,0.0,30180.43934397777,33138.08033656793,0.0,3202.5591170852376,199.79938495148863,44.43223183192762
consolidated_OEM,composite vehicle (sedan_wagon.ICE.car.ALT),1,sedan_wagon.ICE,ICE,0.31003820496658996,0.9999972558705682,3492102.898291367,65770.67019233223,1.0000000000000009,-4.877960658280038,35.31671871245894,40.19467937073903,205.84787452238513,219.64787452238522,0.0,262.8785073304276,0.0,30197.824588698924,33143.34909114048,0.0,3202.4630599165243,199.78340365034413,44.43223183192762
consolidated_OEM,composite vehicle (sedan_wagon.ICE.car.ALT),1,sedan_wagon.ICE,ICE,0.31003820496658996,0.9999972558705682,3492102.898291367,65770.67019233223,1.0000000000000009,-4.442364710596329,35.31671871245894,39.75908342305531,203.61706931669582,217.41706931669583,0.0,261.4813140402921,0.0,30222.00023209612,33154.23087744712,0.0,3201.5747850462076,199.64235502500858,44.43223183192762
consolidated_OEM,composite vehicle (sedan_wagon.ICE.car.ALT),1,sedan_wagon.ICE,ICE,0.31003820496658996,0.9999972558705682,3492102.898291367,65770.67019233223,1.0000000000000009,-3.8661505702497148,35.31671871245894,39.182869282708666,200.66612013842118,214.4661201384213,0.0,259.1644819152825,0.0,30284.176952544378,33194.363664969125,0.0,3197.6824936552894,199.1443360701202,44.43223183192762
consolidated_OEM,composite vehicle (sedan_wagon.ICE.car.ALT),1,sedan_wagon.ICE,ICE,0.31003820496658996,0.9999972558705682,3492102.898291367,65770.67019233223,1.0000000000000009,-0.7840652589801123,35.61223035069381,36.396295609673885,186.39531920719608,200.19531920719618,0.0,247.48837766379637,0.0,30839.876482254684,33563.4879284325,0.0,3210.515482235115,199.77065391547126,44.809637167116335
consolidated_OEM,composite vehicle (sedan_wagon.ICE.car.ALT),1,sedan_wagon.ICE,ICE,0.31003820496658996,0.9999972558705682,3492102.898291367,65770.67019233223,1.0000000000000009,6.073665698239236,38.6197688655274,32.546103167288095,166.67743755780947,180.47743755780965,0.0,234.24183649299738,0.0,33251.453035013925,35075.62840515321,0.002361181821896289,3106.1568605639427,193.46037347100162,48.676634189266274
consolidated_OEM,composite vehicle (sedan_wagon.ICE.car.ALT),1,sedan_wagon.ICE,ICE,0.31003820496658996,0.9999972558705682,3492102.898291367,65770.67019233223,1.0000000000000009,8.641273470355154,38.69050572927809,30.049232258922924,153.89028320080956,167.69028320081003,0.0,220.0203294639129,0.0,34624.52353791554,36287.73444860306,0.31947316836046197,3086.399036255167,192.57289252827889,48.804892452015466
consolidated_OEM,composite vehicle (sedan_wagon.ICE.car.ALT),1,sedan_wagon.ICE,ICE,0.31003820496658996,0.9999972558705682,3492102.898291367,65770.67019233223,1.0000000000000009,11.193721541285074,38.70984813028023,27.51612658899511,140.91756078434898,154.71756078434876,0.0,201.19971209932314,0.0,37037.949859853135,38507.66851123212,0.8650664220047674,3115.972094096633,194.56698469988115,48.876995906737044
consolidated_OEM,composite vehicle (sedan_wagon.ICE.car.ALT),1,sedan_wagon.ICE,ICE,0.31003820496658996,0.9999972558705682,3492102.898291367,65770.67019233223,1.0000000000000009,11.257350854391637,38.70984813028023,27.45249727588855,140.59169778294284,154.39169778294274,0.0,200.71190085864126,0.0,37276.6547132614,38741.73199328071,0.888013649310232,3116.0017235794235,194.57179298789245,48.876995906737044
consolidated_OEM,composite vehicle (sedan_wagon.ICE.car.ALT),1,sedan_wagon.ICE,ICE,0.31003820496658996,0.9999972558705682,3492102.898291367,65770.67019233223,1.0000000000000009,11.509308474750641,38.71049707441458,27.201188599663876,139.3046777678625,153.1046777678624,0.0,201.77606699396847,0.0,38635.3117534123,40109.779402629494,0.9567514542474964,3116.1564405197364,194.59377589218926,48.88066946055416
consolidated_OEM,composite vehicle (sedan_wagon.ICE.car.ALT),1,sedan_wagon.ICE,ICE,0.31003820496658996,0.9999972558705682,3492102.898291367,65770.67019233223,1.0000000000000009,11.519203911671557,38.71049707441458,27.191293162742973,139.25400054665985,153.0540005466598,0.0,201.57795008312561,0.0,38857.45681662283,40330.03944540758,0.9999588412083424,3116.1564405197364,194.59377589218926,48.88066946055416
consolidated_OEM,composite vehicle (sedan_wagon.ICE.car.ALT),1,sedan_wagon.ICE,ICE,0.31003820496658996,0.9999972558705682,3492102.898291367,65770.67019233223,1.0000000000000009,11.519600468860016,38.71064237492188,27.19104190606182,139.25271379292548,153.05271379292557,0.0,201.55458602912796,0.0,38892.72036731533,40364.76157303786,1.0074605652884874,3116.210231140077,194.59624052542367,48.88226506753964
consolidated_OEM,composite vehicle (sedan_wagon.ICE.car.ALT),1,sedan_wagon.ICE,ICE,0.31003820496658996,0.9999972558705682,3492102.898291367,65770.67019233223,1.0000000000000009,11.519608693445603,38.713864754479,27.19425606103335,139.26917435386622,153.06917435386632,0.0,201.5694040600372,0.0,38906.46758566608,40371.57251482549,1.0077435455290953,3117.403164314066,194.65089954828684,48.91765139499914
consolidated_OEM,composite vehicle (cuv_suv_van.BEV.truck.ALT),2,cuv_suv_van.BEV,BEV,0.3992572883656686,0.7831951108410466,5395387.677622909,47692.693115366295,1.0,105.32304228473585,95.67860678473583,-9.644435500000004,-24.4,-7.200000000000004,0.25899080251313944,0.0,0.3501437332927581,56742.996889249225,58999.45027069903,109.04875895290068,5391.533325763107,326.92214010689213,47.5682753716855
consolidated_OEM,composite vehicle (cuv_suv_van.BEV.truck.ALT),2,cuv_suv_van.BEV,BEV,0.3992572883656686,0.7831951108410466,5395387.677622909,47692.693115366295,1.0,114.10046569492859,104.45603019492856,-9.644435500000004,-24.4,-7.200000000000004,0.2617173120799455,0.0,0.35303865695338693,58682.38137876936,59978.40819746327,110.19676298102961,5671.909258752729,343.8483967634915,52.44402359728325
consolidated_OEM,composite vehicle (cuv_suv_van.ICE.truck.ALT),3,cuv_suv_van.ICE,ICE,0.3992572883656686,0.7831951108410466,5395387.677622909,47692.693115366295,1.0,-4.849317973854634,54.673489591277644,59.52280756513231,263.53267467350986,280.7326746735096,0.0,343.0343675184751,0.0,38811.556043127144,42551.04270930655,0.0,4084.321225987612,247.7871865610514,47.5682753716855
consolidated_OEM,composite vehicle (cuv_suv_van.ICE.truck.ALT),3,cuv_suv_van.ICE,ICE,0.3992572883656686,0.7831951108410466,5395387.677622909,47692.693115366295,1.0,-4.834698490595639,54.673489591277644,59.50818808187331,263.4679480303425,280.6679480303424,0.0,342.9969126174376,0.0,38811.91334145998,42551.04363597253,0.0,4084.321225987612,247.7871865610514,47.5682753716855
consolidated_OEM,composite vehicle (cuv_suv_van.ICE.truck.ALT),3,cuv_suv_van.ICE,ICE,0.3992572883656686,0.7831951108410466,5395387.677622909,47692.693115366295,1.0,-4.801699899432431,54.673489591277644,59.4751894907101,263.3218492936492,280.52184929364904,0.0,342.8519723396173,0.0,38813.47050767037,42551.221740779154,0.0,4084.321225987612,247.7871865610514,47.5682753716855
consolidated_OEM,composite vehicle (cuv_suv_van.ICE.truck.ALT),3,cuv_suv_van.ICE,ICE,0.3992572883656686,0.7831951108410466,5395387.677622909,47692.693115366295,1.0,-4.714429010685271,54.673489591277644,59.38791860196294,262.935464113355,280.13546411335494,0.0,342.51461719651127,0.0,38817.424096107905,42551.9655005603,0.0,4084.321225987612,247.7871865610514,47.5682753716855
consolidated_OEM,composite vehicle (cuv_suv_van.ICE.truck.ALT),3,cuv_suv_van.ICE,ICE,0.3992572883656686,0.7831951108410466,5395387.677622909,47692.693115366295,1.0,-4.081063916884454,54.673489591277644,58.75455350816211,260.1312886377354,277.3312886377353,0.0,340.5133656657267,0.0,38845.17288157696,42560.67300373838,0.0,4084.321225987612,247.7871865610514,47.5682753716855
consolidated_OEM,composite vehicle (cuv_suv_van.ICE.truck.ALT),3,cuv_suv_van.ICE,ICE,0.3992572883656686,0.7831951108410466,5395387.677622909,47692.693115366295,1.0,-1.2640455285582357,54.673489591277644,55.93753511983588,247.65915533542554,264.8591553354255,0.0,332.420040229538,0.0,39001.32601251463,42639.82098712213,0.0,4084.321225987612,247.7871865610514,47.5682753716855
consolidated_OEM,composite vehicle (cuv_suv_van.ICE.truck.ALT),3,cuv_suv_van.ICE,ICE,0.3992572883656686,0.7831951108410466,5395387.677622909,47692.693115366295,1.0,1.8257173949879335,54.673489591277644,52.84777219628973,233.97946647904593,251.1794664790461,0.0,321.6200973873738,0.0,39276.32601919217,42812.06567452188,0.0,4077.1582837831315,247.28400587742945,47.5682753716855
consolidated_OEM,composite vehicle (cuv_suv_van.ICE.truck.ALT),3,cuv_suv_van.ICE,ICE,0.3992572883656686,0.7831951108410466,5395387.677622909,47692.693115366295,1.0,4.562616635263506,54.673489591277644,50.110872956014134,221.8620545724842,239.06205457248416,0.0,312.0800197318613,0.0,39628.753354364926,43073.72252444192,0.0,4045.2306318140404,245.2625788182073,47.5682753716855
consolidated_OEM,composite vehicle (cuv_suv_van.ICE.truck.ALT),3,cuv_suv_van.ICE,ICE,0.3992572883656686,0.7831951108410466,5395387.677622909,47692.693115366295,1.0,7.022079678288803,54.673489591277644,47.65140991298883,210.97297019453583,228.17297019453582,0.0,307.63434283784227,0.0,40070.185246733185,43472.857636716384,0.0,4044.177132397393,245.1804858864436,47.5682753716855
consolidated_OEM,composite vehicle (cuv_suv_van.ICE.truck.ALT),3,cuv_suv_van.ICE,ICE,0.3992572883656686,0.7831951108410466,5395387.677622909,47692.693115366295,1.0,13.74482632755165,59.67868905633651,45.93386272878484,203.3686614959592,220.5686614959593,0.0,302.3514270162116,0.0,42923.53936306309,45304.13104731544,0.04725585732170445,3994.067789262581,242.34251019832976,52.427381079651354
consolidated_OEM,composite vehicle (cuv_suv_van.ICE.truck.ALT),3,cuv_suv_van.ICE,ICE,0.3992572883656686,0.7831951108410466,5395387.677622909,47692.693115366295,1.0,18.510552055074864,59.68916011138777,41.17860805631287,182.31513539642202,199.51513539642207,0.0,275.1516119022666,0.0,46321.48482451958,48439.95542196375,0.7925831520651035,4046.916234519803,245.5353319158967,52.44402359728325
consolidated_OEM,composite vehicle (cuv_suv_van.ICE.truck.ALT),3,cuv_suv_van.ICE,ICE,0.3992572883656686,0.7831951108410466,5395387.677622909,47692.693115366295,1.0,18.74755650240351,59.68916011138777,40.94160360898426,181.2658163459775,198.46581634597752,0.0,272.33904210321276,0.0,46893.50408639984,48985.21422327512,1.066754493197851,4046.916234519803,245.5353319158967,52.44402359728325
consolidated_OEM,composite vehicle (cuv_suv_van.ICE.truck.ALT),3,cuv_suv_van.ICE,ICE,0.3992572883656686,0.7831951108410466,5395387.677622909,47692.693115366295,1.0,19.051649589230937,59.68916011138777,40.63751052215683,179.91946747905524,197.1194674790552,0.0,270.01465719125764,0.0,48279.54167111099,50349.13601265487,1.2903677511777416,4046.916234519803,245.5353319158967,52.44402359728325
consolidated_OEM,composite vehicle (cuv_suv_van.ICE.truck.ALT),3,cuv_suv_van.ICE,ICE,0.3992572883656686,0.7831951108410466,5395387.677622909,47692.693115366295,1.0,19.254178594536757,59.68916011138777,40.43498151685098,179.02278580944804,196.22278580944806,0.0,269.3435442992365,0.0,49837.893338676884,51901.10211420591,1.4680570965675772,4046.916234519803,245.5353319158967,52.44402359728325
consolidated_OEM,composite vehicle (cuv_suv_van.ICE.truck.ALT),3,cuv_suv_van.ICE,ICE,0.3992572883656686,0.7831951108410466,5395387.677622909,47692.693115366295,1.0,19.258736009643744,59.68916011138777,40.43042410174398,179.00260820288216,196.20260820288226,0.0,269.4663504722904,0.0,49981.066987893246,52045.44418469515,1.4894263746876946,4046.916234519803,245.5353319158967,52.44402359728325
consolidated_OEM,composite vehicle (cuv_suv_van.ICE.truck.ALT),3,cuv_suv_van.ICE,ICE,0.3992572883656686,0.7831951108410466,5395387.677622909,47692.693115366295,1.0,19.259470348711897,59.68916011138777,40.42968976267586,178.99935697286364,196.19935697286368,0.0,269.5260972360667,0.0,50039.96419067078,52104.909859240244,1.5009214805230924,4046.916234519803,245.5353319158967,52.44402359728325
consolidated_OEM,composite vehicle (cuv_suv_van.BEV.car.ALT),4,cuv_suv_van.BEV,BEV,0.11957066581314026,0.21680488915895377,1493556.856043788,40323.90088968981,1.0,67.8192124989458,61.39502689894579,-6.424185600000001,-18.799999999999997,-4.999999999999999,0.2206691030120069,0.0,0.30191671716544805,45448.19838009819,47426.36825434518,92.91330653137133,4508.540165018715,249.1050413410375,44.267353137722495
consolidated_OEM,composite vehicle (cuv_suv_van.BEV.car.ALT),4,cuv_suv_van.BEV,BEV,0.11957066581314026,0.21680488915895377,1493556.856043788,40323.90088968981,1.0,73.9457848254454,67.52159922544541,-6.424185600000001,-18.799999999999997,-4.999999999999999,0.2231094709930133,0.0,0.3045190187218733,47204.64718303675,48288.95489413202,93.94082989179505,4766.44290190274,263.36862027449814,48.802838237575884
consolidated_OEM,composite vehicle (cuv_suv_van.ICE.car.ALT),5,cuv_suv_van.ICE,ICE,0.11957066581314026,0.21680488915895377,1493556.856043788,40323.90088968981,1.0,-8.439373465363861,35.082872513683306,43.52224597904716,222.88924727060373,236.68924727060374,0.0,298.0872256804063,0.0,29429.62815531263,32708.47610456751,0.0,3405.7730855596205,188.29284762359651,44.267353137722495
consolidated_OEM,composite vehicle (cuv_suv_van.ICE.car.ALT),5,cuv_suv_van.ICE,ICE,0.11957066581314026,0.21680488915895377,1493556.856043788,40323.90088968981,1.0,-8.438754508423065,35.082872513683306,43.521627022106365,222.88607742393052,236.68607742393056,0.0,298.08532678438206,0.0,29429.64720287272,32708.477084725935,0.0,3405.7730855596205,188.29284762359651,44.267353137722495
consolidated_OEM,composite vehicle (cuv_suv_van.ICE.car.ALT),5,cuv_suv_van.ICE,ICE,0.11957066581314026,0.21680488915895377,1493556.856043788,40323.90088968981,1.0,-8.430397516394189,35.082872513683306,43.5132700300775,222.84327899703732,236.64327899703736,0.0,298.05935851709654,0.0,29429.958935490165,32708.541737403462,0.0,3405.7730855596205,188.29284762359651,44.267353137722495
consolidated_OEM,composite vehicle (cuv_suv_van.ICE.car.ALT),5,cuv_suv_van.ICE,ICE,0.11957066581314026,0.21680488915895377,1493556.856043788,40323.90088968981,1.0,-8.275668759616122,35.082872513683306,43.35854127329942,222.0508709915777,235.85087099157772,0.0,297.5930206687063,0.0,29438.537617590828,32712.683360754858,0.0,3405.7730855596205,188.29284762359651,44.267353137722495
consolidated_OEM,composite vehicle (cuv_suv_van.ICE.car.ALT),5,cuv_suv_van.ICE,ICE,0.11957066581314026,0.21680488915895377,1493556.856043788,40323.90088968981,1.0,-7.561603841720793,35.082872513683306,42.6444763554041,218.39395052546345,232.1939505254635,0.0,294.89122700234236,0.0,29494.542170036417,32742.981191630573,0.0,3405.7730855596205,188.29284762359651,44.267353137722495
consolidated_OEM,composite vehicle (cuv_suv_van.ICE.car.ALT),5,cuv_suv_van.ICE,ICE,0.11957066581314026,0.21680488915895377,1493556.856043788,40323.90088968981,1.0,-4.988864489919593,35.082872513683306,40.07173700360289,205.21825325509514,219.01825325509512,0.0,281.99814380282567,0.0,29829.081200523735,32954.84776439306,0.0,3405.691889675153,188.28272071921046,44.267353137722495
consolidated_OEM,composite vehicle (cuv_suv_van.ICE.car.ALT),5,cuv_suv_van.ICE,ICE,0.11957066581314026,0.21680488915895377,1493556.856043788,40323.90088968981,1.0,-1.722679747759008,35.082872513683306,36.8055522614423,188.49123372174245,202.29123372174246,0.0,267.6298909612261,0.0,30468.038860143828,33457.09728645133,0.0,3402.8527856796386,188.07976929098334,44.267353137722495
consolidated_OEM,composite vehicle (cuv_suv_van.ICE.car.ALT),5,cuv_suv_van.ICE,ICE,0.11957066581314026,0.21680488915895377,1493556.856043788,40323.90088968981,1.0,4.254427991820549,38.583770985968805,34.329342994148256,175.80989324272906,189.6098932427291,0.0,259.4995287528967,0.0,33516.37459697269,35520.98551556698,0.08034990536556495,3320.355183653366,183.53429590047432,48.802838237575884
consolidated_OEM,composite vehicle (cuv_suv_van.ICE.car.ALT),5,cuv_suv_van.ICE,ICE,0.11957066581314026,0.21680488915895377,1493556.856043788,40323.90088968981,1.0,8.727279700859627,38.583770985968805,29.85649128510918,152.9032043034516,166.7032043034516,0.0,225.08325687057442,0.0,37235.97732688401,38913.128184494824,0.9763232484444478,3353.24126540451,185.36570261722082,48.802838237575884
consolidated_OEM,composite vehicle (cuv_suv_van.ICE.car.ALT),5,cuv_suv_van.ICE,ICE,0.11957066581314026,0.21680488915895377,1493556.856043788,40323.90088968981,1.0,8.980035597636297,38.583770985968805,29.603735388332503,151.60877267869398,165.40877267869402,0.0,221.13816537263352,0.0,37845.908898472844,39485.52344457035,1.1589401118632385,3353.24126540451,185.36570261722082,48.802838237575884
consolidated_OEM,composite vehicle (cuv_suv_van.ICE.car.ALT),5,cuv_suv_van.ICE,ICE,0.11957066581314026,0.21680488915895377,1493556.856043788,40323.90088968981,1.0,9.289404454621202,38.583770985968805,29.294366531347606,150.0244107021653,163.8244107021653,0.0,225.56719385730545,0.0,39703.0952535656,41384.850620221696,1.2187012496606433,3353.24126540451,185.36570261722082,48.802838237575884
consolidated_OEM,composite vehicle (cuv_suv_van.ICE.car.ALT),5,cuv_suv_van.ICE,ICE,0.11957066581314026,0.21680488915895377,1493556.856043788,40323.90088968981,1.0,9.289406321614928,38.583770985968805,29.294364664353882,150.02440114078314,163.82440114078315,0.0,225.56665108373983,0.0,39703.72988214682,41385.48008448223,1.2188501183801503,3353.24126540451,185.36570261722082,48.802838237575884
consolidated_OEM,composite vehicle (pickup.BEV.truck.ALT),6,pickup.BEV,BEV,0.15609402933384015,1.0,1736738.9561,39101.623953554925,0.9999999999999998,132.11753922278112,122.47310372278113,-9.644435499999998,-24.400000000000002,-7.200000000000002,0.3166339512496881,0.0,0.43926641002425043,61984.816753679544,64843.322096530166,133.31955842092128,6378.927096306779,457.6604914040502,62.44721549229798
consolidated_OEM,composite vehicle (pickup.BEV.truck.ALT),6,pickup.BEV,BEV,0.15609402933384015,1.0,1736738.9561,39101.623953554925,0.9999999999999998,138.07593654356887,128.43150104356897,-9.644435499999998,-24.400000000000002,-7.200000000000002,0.31844963490118844,0.0,0.4411591370751193,63259.47870076069,65423.55291728018,134.08405680050038,6554.681903883689,469.9763141631725,65.96750154037989
consolidated_OEM,composite vehicle (pickup.BEV.truck.ALT),6,pickup.BEV,BEV,0.15609402933384015,1.0,1736738.9561,39101.623953554925,0.9999999999999998,138.47235677547442,128.82792127547444,-9.644435499999998,-24.400000000000002,-7.200000000000002,0.31876782997170106,0.0,0.4414917103511403,63486.906645549294,65528.54934989474,134.21803367229523,6585.713309698282,472.14911240838853,66.58811615281496
consolidated_OEM,composite vehicle (pickup.BEV.truck.ALT),6,pickup.BEV,BEV,0.15609402933384015,1.0,1736738.9561,39101.623953554925,0.9999999999999998,138.48416262062645,128.83972712062652,-9.644435499999998,-24.400000000000002,-7.200000000000002,0.318819987075694,0.0,0.44154568707143566,63520.30618388677,65544.6427482376,134.23999455818705,6590.221245930406,472.5338127806825,66.67601943423014
consolidated_OEM,composite vehicle (pickup.BEV.truck.ALT),6,pickup.BEV,BEV,0.15609402933384015,1.0,1736738.9561,39101.623953554925,0.9999999999999998,138.52196535171814,128.8775298517182,-9.644435499999998,-24.400000000000002,-7.200000000000002,0.31905911391661534,0.0,0.4417946429004457,63690.09995044269,65627.03811024172,134.34067954383806,6612.681814727193,474.22436570344917,67.11934218899663
consolidated_OEM,composite vehicle (pickup.BEV.truck.ALT),6,pickup.BEV,BEV,0.15609402933384015,1.0,1736738.9561,39101.623953554925,0.9999999999999998,138.53012945219135,128.88569395219147,-9.644435499999998,-24.400000000000002,-7.200000000000002,0.31917284833761306,0.0,0.4419123238199599,63764.426229707686,65658.45083003768,134.38856772110017,6623.205198045844,475.0400830688297,67.33690251062512
consolidated_OEM,composite vehicle (pickup.ICE.truck.ALT),7,pickup.ICE,ICE,0.15609402933384015,1.0,1736738.9561,39101.623953554925,0.9999999999999998,-4.684563332952394,69.98463069873209,74.66919403168446,330.59214146363746,347.79214146363745,0.0,419.60201013413297,0.0,41354.309985209795,45970.51168207738,0.0,4790.564585885762,343.7318481329976,62.44721549229798
consolidated_OEM,composite vehicle (pickup.ICE.truck.ALT),7,pickup.ICE,ICE,0.15609402933384015,1.0,1736738.9561,39101.623953554925,0.9999999999999998,-4.204890442822453,69.98463069873209,74.18952114155456,328.4684264563103,345.66842645631027,0.0,418.44095773723745,0.0,41366.748885818306,45971.90369890085,0.0,4790.47669209816,343.72328625913156,62.44721549229798
consolidated_OEM,composite vehicle (pickup.ICE.truck.ALT),7,pickup.ICE,ICE,0.15609402933384015,1.0,1736738.9561,39101.623953554925,0.9999999999999998,-0.14116193229884336,69.98463069873209,70.12579263103092,310.47657951002117,327.67657951002104,0.0,408.5955535977018,0.0,41498.43839570308,46009.933369643906,0.0,4789.693080015448,343.6880135372234,62.44721549229798
consolidated_OEM,composite vehicle (pickup.ICE.truck.ALT),7,pickup.ICE,ICE,0.15609402933384015,1.0,1736738.9561,39101.623953554925,0.9999999999999998,1.6713169207550969,69.98463069873209,68.31331377797702,302.4519681135943,319.65196811359414,0.0,403.654765001211,0.0,41586.56522650101,46051.071023185774,0.0,4784.663804568182,343.2571422366375,62.44721549229798
consolidated_OEM,composite vehicle (pickup.ICE.truck.ALT),7,pickup.ICE,ICE,0.15609402933384015,1.0,1736738.9561,39101.623953554925,0.9999999999999998,6.856179980200102,69.98463069873209,63.12845071853197,279.4963837625659,296.69638376256603,0.0,386.6736909573345,0.0,41960.15445894411,46263.09355604583,0.0,4618.45656794476,330.3788640773133,62.44721549229798
consolidated_OEM,composite vehicle (pickup.ICE.truck.ALT),7,pickup.ICE,ICE,0.15609402933384015,1.0,1736738.9561,39101.623953554925,0.9999999999999998,10.761621125824933,69.98463069873209,59.223009572907145,262.2053420091963,279.4053420091964,0.0,374.07808601297376,0.0,42416.864536007415,46599.97585767329,0.0,4453.129635370899,319.4458582595623,62.44721549229798
consolidated_OEM,composite vehicle (pickup.ICE.truck.ALT),7,pickup.ICE,ICE,0.15609402933384015,1.0,1736738.9561,39101.623953554925,0.9999999999999998,16.77398196463988,73.25978057139245,56.48579860675257,250.08654996016452,267.2865499601644,0.0,371.6674648125949,0.0,44212.78625070578,47716.79801435026,0.0021121690173601846,4586.114391561644,328.82973698757894,65.72836302477629
consolidated_OEM,composite vehicle (pickup.ICE.truck.ALT),7,pickup.ICE,ICE,0.15609402933384015,1.0,1736738.9561,39101.623953554925,0.9999999999999998,21.323175498204186,73.55814265160248,52.234967153398266,231.26631905518013,248.46631905518012,0.0,353.4078429172408,0.0,47265.165622863096,50462.00707813929,0.45265810511405197,4669.533888753436,334.7539796403911,66.39583839385085
consolidated_OEM,composite vehicle (pickup.ICE.truck.ALT),7,pickup.ICE,ICE,0.15609402933384015,1.0,1736738.9561,39101.623953554925,0.9999999999999998,21.5047680166916,73.61588971241599,52.111121695724385,230.71800277034686,247.91800277034673,0.0,351.39857069818794,0.0,47697.009134829044,50836.45333750251,0.6258427642573221,4677.985633622791,335.3620288143571,66.58723667371036
consolidated_OEM,composite vehicle (pickup.ICE.truck.ALT),7,pickup.ICE,ICE,0.15609402933384015,1.0,1736738.9561,39101.623953554925,0.9999999999999998,21.692504160275117,73.61588971241599,51.92338555214086,229.88681536378306,247.08681536378305,0.0,349.3341376467896,0.0,48545.434596131534,51665.236364109616,0.7612466755441673,4677.985633622791,335.3620288143571,66.58723667371036
consolidated_OEM,composite vehicle (pickup.ICE.truck.ALT),7,pickup.ICE,ICE,0.15609402933384015,1.0,1736738.9561,39101.623953554925,0.9999999999999998,21.769160982828577,73.61588971241599,51.846728729587404,229.54742314917047,246.74742314917052,0.0,346.8897821469639,0.0,49315.237888223695,52411.78265325045,0.9688412167839892,4677.985633622791,335.3620288143571,66.58723667371036
consolidated_OEM,composite vehicle (pickup.ICE.truck.ALT),7,pickup.ICE,ICE,0.15609402933384015,1.0,1736738.9561,39101.623953554925,0.9999999999999998,21.780983510283658,73.61588971241599,51.83490620213232,229.49507981374853,246.69507981374858,0.0,346.8430535230871,0.0,49570.598784745154,52666.698941533214,0.968108504635661,4677.985633622791,335.3620288143571,66.58723667371036
consolidated_OEM,composite vehicle (pickup.ICE.truck.ALT),7,pickup.ICE,ICE,0.15609402933384015,1.0,1736738.9561,39101.623953554925,0.9999999999999998,21.786422625507253,73.61588971241599,51.82946708690873,229.47099854740088,246.67099854740098,0.0,346.4441674088086,0.0,49793.22903857857,52885.53374491503,1.0110438578465477,4677.985633622791,335.3620288143571,66.58723667371036
consolidated_OEM,composite vehicle (pickup.ICE.truck.ALT),7,pickup.ICE,ICE,0.15609402933384015,1.0,1736738.9561,39101.623953554925,0.9999999999999998,21.790097349348283,73.61588971241599,51.82579236306769,229.45472898885473,246.65472898885483,0.0,344.38230572144914,0.0,50282.48783928336,53355.174576648904,1.2536267851443128,4677.985633622791,335.3620288143571,66.58723667371036
consolidated_OEM,composite vehicle (sedan_wagon.BEV.car.NO_ALT),8,sedan_wagon.BEV,BEV,0.010414396855475948,1.0,110640.77892987018,44162.10119,1.0000000000000002,69.52098441811482,63.09679881811481,-6.4241855999999995,-18.799999999999994,-4.999999999999999,0.19358189639697948,0.0,0.25197730046440087,49258.53397365171,50994.417403881744,81.50816690399137,4100.379588079774,263.6748446377554,45.43703461524107
consolidated_OEM,composite vehicle (sedan_wagon.BEV.car.NO_ALT),8,sedan_wagon.BEV,BEV,0.010414396855475948,1.0,110640.77892987018,44162.10119,1.0000000000000002,75.72709234031352,69.3029067403135,-6.4241855999999995,-18.799999999999994,-4.999999999999999,0.19551926380711046,0.0,0.2540402991946197,50693.774602709556,51512.273567585646,82.32390055036231,4289.21320785788,275.7288983067936,50.07641722038382
consolidated_OEM,composite vehicle (cuv_suv_van.BEV.truck.NO_ALT),9,cuv_suv_van.BEV,BEV,0.00153113374425701,0.8695657931181734,20655.221530568873,84268.69047666667,0.9999999999999999,111.02585978549358,101.38142428549357,-9.644435500000002,-24.400000000000002,-7.2,0.24678744215429832,0.0,0.3240855014997992,92312.00931401561,94467.67145886958,103.91050195970455,5914.199943817623,363.29380283130115,50.741918897501286
consolidated_OEM,composite vehicle (cuv_suv_van.BEV.truck.NO_ALT),9,cuv_suv_van.BEV,BEV,0.00153113374425701,0.8695657931181734,20655.221530568873,84268.69047666667,0.9999999999999999,120.42079822913169,110.77636272913168,-9.644435500000002,-24.400000000000002,-7.2,0.24966343834082774,0.0,0.3271587517046591,94329.94460703013,95461.02743489158,105.1214477224538,6207.530439136847,381.36296107878695,55.94296558449518
consolidated_OEM,composite vehicle (cuv_suv_van.BEV.car.NO_ALT),10,cuv_suv_van.BEV,BEV,0.0002518348743435621,0.1304342068818266,3098.26750273518,50566.666665,1.0,66.45989501408543,60.03570941408543,-6.424185600000001,-18.800000000000004,-5.000000000000001,0.18255335817517374,0.0,0.23791090374001997,43504.86168047427,45148.22941313802,76.86457186323103,3792.864255215145,204.94281498642388,43.33939158729038
consolidated_OEM,composite vehicle (cuv_suv_van.BEV.car.NO_ALT),10,cuv_suv_van.BEV,BEV,0.0002518348743435621,0.1304342068818266,3098.26750273518,50566.666665,1.0,72.54700681702921,66.12282121702921,-6.424185600000001,-18.800000000000004,-5.000000000000001,0.18488799283261512,0.0,0.24042877576071828,45167.59434429318,45935.31001218183,77.84757592952215,4038.1180191700137,218.2005385163122,47.78167922498765
consolidated_OEM,composite vehicle (sedan_wagon.BEV.truck.ALT),11,sedan_wagon.BEV,BEV,9.288229936448073e-07,2.7441294317236684e-06,9.582808638276088,47066.66667,1.0,106.07297995,96.42854445,-9.6444355,-24.4,-7.2,0.23277013291063617,0.0,0.3044989912651284,62303.44689895902,64332.076242457464,98.00847701500471,5107.679310372188,318.9110458524094,47.99999999999999
consolidated_OEM,composite vehicle (sedan_wagon.BEV.truck.ALT),11,sedan_wagon.BEV,BEV,9.288229936448073e-07,2.7441294317236684e-06,9.582808638276088,47066.66667,1.0,114.9602482105,105.3158127105,-9.6444355,-24.4,-7.2,0.234754381842233,0.0,0.306615644920282,63756.90539740976,64812.299676275565,98.84395024936126,5306.208102676165,331.3066997175428,52.92
consolidated_OEM,composite vehicle (sedan_wagon.ICE.car.NO_ALT),12,sedan_wagon.ICE,ICE,0.0028415172236911043,1.0,29316.367040123427,19945.0,1.0,-0.5124655944811423,35.99789472,36.51036031448114,186.97947555351288,200.7794755535129,0.0,243.0788741972947,0.0,20819.239826481196,23132.059275392246,0.0,2851.7,147.0,45.5
consolidated_OEM,composite vehicle (sedan_wagon.ICE.truck.ALT),13,sedan_wagon.ICE,ICE,9.288229936448073e-07,2.7441294317236684e-06,9.582808638276088,47066.66667,1.0,0.22511501290529878,55.102025399999995,54.876910387094696,242.96332051045846,260.16332051045845,0.0,304.5333213571571,0.0,46455.257921202865,49832.79721087657,0.0,3912.0063708691305,244.2561420372834,47.99999999999999
consolidated_OEM,composite vehicle (sedan_wagon.ICE.truck.ALT),13,sedan_wagon.ICE,ICE,9.288229936448073e-07,2.7441294317236684e-06,9.582808638276088,47066.66667,1.0,4.379315755037425,55.102025399999995,50.72270964496257,224.5709146833842,241.77091468338418,0.0,293.1262452432607,0.0,46700.7146659429,49969.7191947142,0.0,3912.0063708691305,244.2561420372834,47.99999999999999
consolidated_OEM,composite vehicle (sedan_wagon.ICE.truck.ALT),13,sedan_wagon.ICE,ICE,9.288229936448073e-07,2.7441294317236684e-06,9.582808638276088,47066.66667,1.0,7.263366824575293,55.102025399999995,47.8386585754247,211.8019993156297,229.0019993156297,0.0,284.99189399704267,0.0,46977.77255124842,50169.38127247102,0.0,3912.0063708691305,244.2561420372834,47.99999999999999
consolidated_OEM,composite vehicle (sedan_wagon.ICE.truck.ALT),13,sedan_wagon.ICE,ICE,9.288229936448073e-07,2.7441294317236684e-06,9.582808638276088,47066.66667,1.0,13.726466269133809,60.180464406000006,46.4539981368662,205.67152120455228,222.87152120455227,0.0,282.10604882037404,0.0,48783.53374259918,50963.68454970569,0.0,4100.593129392286,256.0310395474704,52.92
consolidated_OEM,composite vehicle (sedan_wagon.ICE.truck.ALT),13,sedan_wagon.ICE,ICE,9.288229936448073e-07,2.7441294317236684e-06,9.582808638276088,47066.66667,1.0,18.316844080146986,60.180464406000006,41.86362032585302,185.34797478960007,202.54797478960006,0.0,269.81236117466807,0.0,49823.38575040591,51886.56596523155,0.0,3783.262563275405,236.2176925122006,52.92
consolidated_OEM,composite vehicle (sedan_wagon.ICE.truck.ALT),13,sedan_wagon.ICE,ICE,9.288229936448073e-07,2.7441294317236684e-06,9.582808638276088,47066.66667,1.0,21.888586412433604,60.180464406000006,38.2918779935664,169.5343589912842,186.73435899128418,0.0,253.42934019700425,0.0,52463.81686751949,54371.11776262151,0.384,3842.89194048375,239.94080547475966,52.92
consolidated_OEM,composite vehicle (sedan_wagon.ICE.truck.ALT),13,sedan_wagon.ICE,ICE,9.288229936448073e-07,2.7441294317236684e-06,9.582808638276088,47066.66667,1.0,23.175503609687816,60.180464406000006,37.00496079631219,163.83663159990343,181.03663159990342,0.0,242.41314879061412,0.0,55073.15570729645,56875.640987212806,1.6281372046794091,3842.89194048375,239.94080547475966,52.92
consolidated_OEM,composite vehicle (sedan_wagon.ICE.truck.ALT),13,sedan_wagon.ICE,ICE,9.288229936448073e-07,2.7441294317236684e-06,9.582808638276088,47066.66667,1.0,23.86688537630684,60.180464406000006,36.313579029693166,160.77559174592417,177.97559174592416,0.0,237.94820293147285,0.0,57867.985718377284,59627.98843515253,1.584276870247097,3842.89194048375,239.94080547475966,52.92
