,Unnamed: 0,bev,ac_leakage,ac_efficiency,powertrain_type,cd_ftp_1:cert_direct_oncycle_kwh_per_mile,cd_ftp_2:cert_direct_oncycle_kwh_per_mile,cd_ftp_3:cert_direct_oncycle_kwh_per_mile,cd_ftp_4:cert_direct_oncycle_kwh_per_mile,cd_hwfet:cert_direct_oncycle_kwh_per_mile,cd_us06_1:cert_direct_oncycle_kwh_per_mile,cd_us06_2:cert_direct_oncycle_kwh_per_mile,battery_sizing_onroad_direct_kwh_per_mile,nominal_onroad_direct_kwh_per_mile,onroad_direct_kwh_per_mile,onroad_direct_co2e_grams_per_mile,onroad_direct_oncycle_co2e_grams_per_mile,onroad_direct_oncycle_kwh_per_mile,cert_direct_offcycle_co2e_grams_per_mile,cert_direct_offcycle_kwh_per_mile,cert_indirect_offcycle_co2e_grams_per_mile,nominal_onroad_direct_co2e_grams_per_mile,cert_direct_oncycle_co2e_grams_per_mile,cert_direct_oncycle_kwh_per_mile,cert_direct_co2e_grams_per_mile,cert_direct_kwh_per_mile,cert_indirect_co2e_grams_per_mile,cert_co2e_grams_per_mile,target_co2e_Mg_per_vehicle,cert_co2e_Mg_per_vehicle,credits_co2e_Mg_per_vehicle,cost_curve_class,structure_mass_lbs,footprint_ft2,structure_material,curbweight_lbs,rated_hp,battery_kwh,motor_kw,vehicle_id,vehicle_base_year_id,vehicle_name,model_year,delta_glider_non_structure_mass_lbs,glider_non_structure_mass_lbs,battery_mass_lbs,powertrain_mass_lbs,etw_lbs,vehicle_eng_rated_hp,vehicle_mot_rated_kw,rlhp20,rlhp60,engine_cost,driveline_cost,emachine_cost,battery_cost,electrified_driveline_cost,tech_bundle,structure_cost,glider_non_structure_cost,new_vehicle_mfr_cost_dollars,powertrain_cost,new_vehicle_mfr_generalized_cost_dollars,frontier,unibody,high_eff_alternator,start_stop,mhev,hev,hev_truck,deac_pd,deac_fc,cegr,atk2,gdi,turb12,turb11,gas_fuel,diesel_fuel,awd,fwd,trx10,trx11,trx12,trx21,trx22,ecvt,ice,fcv,phev,cs_ftp_1:cert_direct_oncycle_co2e_grams_per_mile,cs_ftp_2:cert_direct_oncycle_co2e_grams_per_mile,cs_ftp_3:cert_direct_oncycle_co2e_grams_per_mile,cs_hwfet:cert_direct_oncycle_co2e_grams_per_mile,cs_us06_1:cert_direct_oncycle_co2e_grams_per_mile,cs_us06_2:cert_direct_oncycle_co2e_grams_per_mile,engine_cylinders,engine_displacement_L,hev_batt_kwh,hev_motor_kw
0,0,1.0,1,1,BEV,0.2059938723374228,0.183142781313606,0.206471588415027,0.1830741416323712,0.218839476852799,0.2973904214461437,0.2960006446377757,0.3581623597607626,0.2686217698205719,0.2686217698205719,0.0,0.0,0.2686217698205719,5.0,0,13.8,0.0,0.0,0.2053364754895798,-5.0,0.2053364754895798,0,-18.8,57.02587488,-6.4241856,63.450060480000005,BEV,730.1158857142858,41.142857142857146,steel,3675.772819503807,213.75910088512555,86.45746336403361,159.4003824589682,1334,0.0,Compact:sedan:BEV:1.0:{'electricity':1.0}:car:2.0:0.0:2019:2015.0:5.0:BEV:steel:VW,2020,-51.64457142857143,1624.5707976951169,960.7564780438962,360.3296580505081,3975.772819503807,200.0,150.0,2.464912055943806,18.20582439514356,0.0,715.0343000670215,1138.396587210559,15114.923264004834,7642.881936363573,BEV,3892.760742857143,9744.966134154318,38248.96296465745,9496.312823641154,40026.55552013815,True,,,,,,,,,,,,,,,,,,,,,,,,,,,,,,,,,,,,
1,1,1.0,1,1,BEV,0.2069096478289113,0.1843519628665302,0.2073857738977373,0.1842833332922356,0.2193262212675187,0.2998212917709589,0.296625439203504,0.359299214053846,0.2694744105403845,0.2694744105403845,0.0,0.0,0.2694744105403845,5.0,0,13.8,0.0,0.0,0.2061425359491931,-5.0,0.2061425359491931,0,-18.8,59.844705984,-6.4241856,66.268891584,BEV,755.0276800000001,43.2,steel,3758.74188350053,218.58404339166876,86.79685724176554,162.9983470728764,1334,0.0,Compact:sedan:BEV:1.0:{'electricity':1.0}:car:2.0:0.0:2019:2015.0:5.0:BEV:steel:VW,2020,0.0,1676.215369123688,964.384873564206,363.11396081263615,4058.74188350053,200.0,150.0,2.464912055943806,18.20582439514356,0.0,715.0343000670215,1164.0923262934418,15163.322776604742,7665.422058366102,BEV,3948.81228,10206.52727701146,38863.211018342765,9544.548684726566,40233.71138601534,False,,,,,,,,,,,,,,,,,,,,,,,,,,,,,,,,,,,,
2,2,1.0,1,1,BEV,0.2078765263335716,0.1856274063534592,0.2083509807777974,0.1855587869591803,0.2198413958984687,0.3023874946518451,0.2972887185796756,0.3605024904899068,0.2703768678674301,0.2703768678674301,0.0,0.0,0.2703768678674301,5.0,0,13.8,0.0,0.0,0.2069938029949229,-5.0,0.2069938029949229,0,-18.8,62.80447864320001,-6.4241856,69.2286642432,BEV,781.1850640000001,45.36000000000001,steel,3846.256244059643,223.673310859014,87.1552854715465,166.79341908324557,1334,0.0,Compact:sedan:BEV:1.0:{'electricity':1.0}:car:2.0:0.0:2019:2015.0:5.0:BEV:steel:VW,2020,54.2268000000001,1730.4421691236882,968.4230499502946,366.2059609856598,4146.256244059643,200.0,150.0,2.464912055943806,18.20582439514356,0.0,742.9844418925738,1191.195755771942,15214.398907069926,7707.509158390844,BEV,4007.666394,10691.166477011462,39554.92113413675,9641.68935605536,40498.01124410079,True,,,,,,,,,,,,,,,,,,,,,,,,,,,,,,,,,,,,
3,3,1.0,1,1,BEV,0.2029372244277748,0.1790964136830742,0.2034203032203816,0.1790277366675393,0.2172259618686695,0.2892718769814779,0.2939456685626042,0.3543926765995567,0.2657945074496675,0.2657945074496675,0.0,0.0,0.2657945074496675,5.0,0,13.8,0.0,0.0,0.2026480839209335,-5.0,0.2026480839209335,0,-18.8,57.02587488,-6.4241856,63.450060480000005,BEV,474.5753257142858,41.142857142857146,aluminum,3397.9793629190185,197.6044356141224,85.32550901934046,147.35383186986203,1334,0.0,Compact:sedan:BEV:1.0:{'electricity':1.0}:car:2.0:0.0:2019:2015.0:5.0:BEV:steel:VW,2020,-51.64457142857143,1624.5707976951169,948.197712292694,350.63552721692184,3697.9793629190185,200.0,150.0,2.464912055943806,18.20582439514356,0.0,715.0343000670215,1052.3632172352518,14953.246336242935,7567.414067964181,BEV,4670.334161142857,9744.966134154318,38703.35821680656,9334.811585266454,40466.571803571605,False,,,,,,,,,,,,,,,,,,,,,,,,,,,,,,,,,,,,
4,4,1.0,1,1,BEV,0.2037398909004347,0.1801607818645512,0.2042215522759802,0.1800921152233562,0.2176477105874643,0.2914048248236774,0.2944800622101948,0.3553783246901429,0.2665337435176071,0.2665337435176071,0.0,0.0,0.2665337435176071,5.0,0,13.8,0.0,0.0,0.2033536801015656,-5.0,0.2033536801015656,0,-18.8,59.844705984,-6.4241856,66.268891584,BEV,490.7679920000001,43.2,aluminum,3471.0882094607086,201.8559718408933,85.62260214802762,150.5242068283048,1334,0.0,Compact:sedan:BEV:1.0:{'electricity':1.0}:car:2.0:0.0:2019:2015.0:5.0:BEV:steel:VW,2020,0.0,1676.215369123688,951.167568132106,352.93728020491403,3771.0882094607086,200.0,150.0,2.464912055943806,18.20582439514356,0.0,715.0343000670215,1075.005220831436,14995.718111664804,7587.2754746275,BEV,4752.916759200001,10206.52727701146,39332.47714340223,9377.314995525958,40688.021785862016,False,,,,,,,,,,,,,,,,,,,,,,,,,,,,,,,,,,,,
5,5,1.0,1,1,BEV,0.2045923809571049,0.181289715375692,0.2050725444285859,0.1812210592954824,0.218097275336309,0.2936692347587117,0.2950519741645648,0.3564286836010487,0.2673215127007865,0.2673215127007865,0.0,0.0,0.2673215127007865,5.0,0,13.8,0.0,0.0,0.2041033841189426,-5.0,0.2041033841189426,0,-18.8,62.80447864320001,-6.4241856,69.2286642432,BEV,507.7702916000001,45.36000000000001,aluminum,3548.5972373121413,206.36339406679653,85.93826699744953,153.88539624076935,1334,0.0,Compact:sedan:BEV:1.0:{'electricity':1.0}:car:2.0:0.0:2019:2015.0:5.0:BEV:steel:VW,2020,54.2268000000001,1730.4421691236882,954.7100332369328,355.67474335151985,3848.597237312141,200.0,150.0,2.464912055943806,18.20582439514356,0.0,715.0343000670215,1099.00997224477,15040.815159737504,7608.332274112881,BEV,4839.62848716,10691.166477011462,39993.986670333645,9422.376546424672,40921.537770968906,False,,,,,,,,,,,,,,,,,,,,,,,,,,,,,,,,,,,,
6,6,,1,1,ICE,,,,,,,,,0.0,0.0,224.2623287757932,224.2623287757932,0.0,5.0,0,13.8,224.2623287757932,184.82868075472524,0.0,179.82868075472524,0.0,0,166.02868075472523,32.413824,32.41942431889067,-0.0056003188906714,GDI_TRX10_SS0,700.1294666666668,38.66666666666666,steel,2467.266670808189,94.68593371492564,0.0,0.0,1335,1.0,Compact:sedan:HEV:1.0:{'gasoline':1.0}:car:2.0:0.0:2019:2016.0:5.0:PS_DHE_TRXCV:steel:Toyota,2020,-49.87033333333343,1510.3326946966636,0.0,256.8045094448587,2767.266670808189,72.0,20.0,1.6281763510142275,15.147275179818951,4219.349982948297,2746.957495003702,0.0,0.0,0.0,GDI_TRX10_SS0,3825.2913,8875.466746654316,19667.06552460632,6966.307477951999,22187.51809662383,False,1.0,0.0,0.0,0.0,0.0,0.0,0.0,0.0,0.0,0.0,1.0,0.0,0.0,1.0,0.0,0.0,1.0,1.0,0.0,0.0,0.0,0.0,0.0,1.0,0.0,0.0,224.79616889266336,207.39193489816412,196.1836521035286,156.60621693027196,366.9480198059388,218.07030590594977,2.497734778363014,1.2843088680962904,0.0,0.0
7,7,,1,1,ICE,,,,,,,,,0.0,0.0,226.32602681311545,226.32602681311545,0.0,5.0,0,13.8,226.32602681311545,187.06883124014175,0.0,182.06883124014175,0.0,0,168.26883124014176,32.413824,32.856845063275046,-0.4430210632750473,GDI_TRX10_SS0,723.5419400000001,40.6,steel,2542.244108770617,97.56333193256542,0.0,0.0,1335,1.0,Compact:sedan:HEV:1.0:{'gasoline':1.0}:car:2.0:0.0:2019:2016.0:5.0:PS_DHE_TRXCV:steel:Toyota,2020,0.0,1560.203028029997,0.0,258.49914074062,2842.244108770617,72.0,20.0,1.6281763510142275,15.147275179818951,4334.15427473499,2746.957495003702,0.0,0.0,0.0,GDI_TRX10_SS0,3877.969365,9334.304746654318,20293.38588139301,7081.111769738693,22446.80722801023,False,1.0,0.0,0.0,0.0,0.0,0.0,0.0,0.0,0.0,0.0,1.0,0.0,0.0,1.0,0.0,0.0,1.0,1.0,0.0,0.0,0.0,0.0,0.0,1.0,0.0,0.0,227.91858740635757,211.19791625806704,198.90351534079983,157.47045894930676,373.8166315678004,219.1789477150029,2.580199038124665,1.3189303770257688,0.0,0.0
8,8,,1,1,ICE,,,,,,,,,0.0,0.0,228.5684652188301,228.5684652188301,0.0,5.0,0,13.8,228.5684652188301,189.45153557578868,0.0,184.45153557578868,0.0,0,170.65153557578867,33.750659923200004,33.3221014426708,0.4285584805292046,GDI_TRX10_SS0,748.1250370000001,42.63,steel,2621.0025980153587,100.58583500462797,0.0,0.0,1335,1.0,Compact:sedan:HEV:1.0:{'gasoline':1.0}:car:2.0:0.0:2019:2016.0:5.0:PS_DHE_TRXCV:steel:Toyota,2020,52.36385000000003,1612.566878029997,0.0,260.3106829853613,2921.0025980153587,72.0,20.0,1.6281763510142275,15.147275179818951,4453.3839739043815,2746.957495003702,0.0,0.0,0.0,GDI_TRX10_SS0,3933.28133325,9816.084646654315,20949.7074488124,7200.341468908084,22718.46489538832,False,1.0,0.0,0.0,0.0,0.0,0.0,0.0,0.0,0.0,0.0,1.0,0.0,0.0,1.0,0.0,0.0,1.0,1.0,0.0,0.0,0.0,0.0,0.0,1.0,0.0,0.0,231.2387764106525,215.206365771218,201.7949044507819,158.41560676146756,381.1027748074103,220.4392019478084,2.665926615910534,1.3554167807791395,0.0,0.0
9,9,,1,1,ICE,,,,,,,,,0.0,0.0,218.02545289940323,218.02545289940323,0.0,5.0,0,13.8,218.02545289940323,177.59488384686975,0.0,172.59488384686975,0.0,0,158.79488384686974,32.413824,31.00692419947517,1.406899800524826,GDI_TRX10_SS0,455.0841533333334,38.66666666666666,aluminum,2216.458086768967,85.06068921077438,0.0,0.0,1335,1.0,Compact:sedan:HEV:1.0:{'gasoline':1.0}:car:2.0:0.0:2019:2016.0:5.0:PS_DHE_TRXCV:steel:Toyota,2020,-49.87033333333343,1510.3326946966636,0.0,251.04123873897024,2516.458086768967,72.0,20.0,1.6281763510142275,15.147275179818951,3825.67450684492,2746.957495003702,0.0,0.0,0.0,GDI_TRX10_SS0,4570.929182,8875.466746654316,20019.02793050294,6572.632001848622,22480.13857955412,False,1.0,0.0,0.0,0.0,0.0,0.0,0.0,0.0,0.0,0.0,1.0,0.0,0.0,1.0,0.0,0.0,1.0,1.0,0.0,0.0,0.0,0.0,0.0,1.0,0.0,0.0,214.6998153577993,194.75068387541896,187.3824109883966,154.04735924243244,344.5610277778198,215.2228512545575,2.21559838622967,1.169336415512252,0.0,0.0
10,10,,1,1,ICE,,,,,,,,,0.0,0.0,219.5624531971684,219.5624531971684,0.0,5.0,0,13.8,219.5624531971684,179.46936982641537,0.0,174.46936982641537,0.0,0,160.66936982641536,32.413824,31.372943829785168,1.0408801702148305,GDI_TRX10_SS0,470.302261,40.6,aluminum,2283.04032522339,87.6159060794973,0.0,0.0,1335,1.0,Compact:sedan:HEV:1.0:{'gasoline':1.0}:car:2.0:0.0:2019:2016.0:5.0:PS_DHE_TRXCV:steel:Toyota,2020,0.0,1560.203028029997,0.0,252.5350361933928,2583.04032522339,72.0,20.0,1.6281763510142275,15.147275179818951,3931.676304118603,2746.957495003702,0.0,0.0,0.0,GDI_TRX10_SS0,4648.5415311,9334.304746654318,20661.48007687662,6678.633799122305,22750.54813629536,False,1.0,0.0,0.0,0.0,0.0,0.0,0.0,0.0,0.0,0.0,1.0,0.0,0.0,1.0,0.0,0.0,1.0,1.0,0.0,0.0,0.0,0.0,0.0,1.0,0.0,0.0,217.31907720030435,198.09084965917768,189.6668816226188,154.66758692986284,350.4033373256796,215.82475192819916,2.2914661124549265,1.199728369687527,0.0,0.0
11,11,,1,1,ICE,,,,,,,,,0.0,0.0,221.27672942178071,221.27672942178071,0.0,5.0,0,13.8,221.27672942178071,181.4770349293516,0.0,176.4770349293516,0.0,0,162.67703492935158,33.750659923200004,31.76496854844491,1.9856913747550955,GDI_TRX10_SS0,486.2812740500001,42.63,aluminum,2352.99216076168,90.30043748478973,0.0,0.0,1335,1.0,Compact:sedan:HEV:1.0:{'gasoline':1.0}:car:2.0:0.0:2019:2016.0:5.0:PS_DHE_TRXCV:steel:Toyota,2020,52.36385000000003,1612.566878029997,0.0,254.1440086816829,2652.99216076168,72.0,20.0,1.6281763510142275,15.147275179818951,4041.864178282445,2746.957495003702,0.0,0.0,0.0,GDI_TRX10_SS0,4730.034497655,9816.084646654315,21334.940817595467,6788.821673286147,23034.319679037544,False,1.0,0.0,0.0,0.0,0.0,0.0,0.0,0.0,0.0,0.0,1.0,0.0,0.0,1.0,0.0,0.0,1.0,1.0,0.0,0.0,0.0,0.0,0.0,1.0,0.0,0.0,220.12168609584708,201.61310366175516,192.1102431316312,155.36868679381507,356.6243908533205,216.5864105789509,2.370409675269064,1.231760711820703,0.0,0.0
12,12,,1,1,ICE,,,,,,,,,0.0,0.0,221.30120986270836,221.30120986270836,0.0,7.5,0,13.8,221.30120986270836,178.70500847769858,0.0,171.20500847769858,0.0,0,157.40500847769857,32.413824,30.73553157538933,1.678292424610664,GDI_TRX10_SS1,700.1294666666668,38.66666666666666,steel,2467.266670808189,94.68593371492564,0.0,0.0,1335,1.0,Compact:sedan:HEV:1.0:{'gasoline':1.0}:car:2.0:0.0:2019:2016.0:5.0:PS_DHE_TRXCV:steel:Toyota,2020,-49.87033333333343,1510.3326946966636,0.0,256.8045094448587,2767.266670808189,72.0,20.0,1.6281763510142275,15.147275179818951,4219.349982948297,3261.510903789772,0.0,0.0,0.0,GDI_TRX10_SS1,3825.2913,8875.466746654316,20181.618933392383,7480.860886738069,22673.89738523867,False,1.0,0.0,1.0,0.0,0.0,0.0,0.0,0.0,0.0,0.0,1.0,0.0,0.0,1.0,0.0,0.0,1.0,1.0,0.0,0.0,0.0,0.0,0.0,1.0,0.0,0.0,216.71365582238215,194.02403326054403,187.3524538305117,156.4742454197232,367.199270847741,218.07152785897387,2.497734778363014,1.2843088680962904,0.0,0.0
13,13,,1,1,ICE,,,,,,,,,0.0,0.0,223.3154754492909,223.3154754492909,0.0,7.5,0,13.8,223.3154754492909,180.8450530697665,0.0,173.3450530697665,0.0,0,159.54505306976648,32.413824,31.153405242614884,1.2604187573851142,GDI_TRX10_SS1,723.5419400000001,40.6,steel,2542.244108770617,97.56333193256542,0.0,0.0,1335,1.0,Compact:sedan:HEV:1.0:{'gasoline':1.0}:car:2.0:0.0:2019:2016.0:5.0:PS_DHE_TRXCV:steel:Toyota,2020,0.0,1560.203028029997,0.0,258.49914074062,2842.244108770617,72.0,20.0,1.6281763510142275,15.147275179818951,4334.15427473499,3263.344044574268,0.0,0.0,0.0,GDI_TRX10_SS1,3877.969365,9334.304746654318,20809.77243096357,7597.498319309258,22934.549323104067,False,1.0,0.0,1.0,0.0,0.0,0.0,0.0,0.0,0.0,0.0,1.0,0.0,0.0,1.0,0.0,0.0,1.0,1.0,0.0,0.0,0.0,0.0,0.0,1.0,0.0,0.0,219.70534603794036,197.61174046886123,189.92536605250956,157.33668137730655,374.0467366065102,219.18103567869997,2.580199038124665,1.3189303770257688,0.0,0.0
14,14,,1,1,ICE,,,,,,,,,0.0,0.0,225.50607370904888,225.50607370904888,0.0,7.5,0,13.8,225.50607370904888,183.12258716209504,0.0,175.62258716209502,0.0,0,161.822587162095,33.750659923200004,31.59812565961932,2.152534263580684,GDI_TRX10_SS1,748.1250370000001,42.63,steel,2621.0025980153587,100.58583500462797,0.0,0.0,1335,1.0,Compact:sedan:HEV:1.0:{'gasoline':1.0}:car:2.0:0.0:2019:2016.0:5.0:PS_DHE_TRXCV:steel:Toyota,2020,52.36385000000003,1612.566878029997,0.0,260.3106829853613,2921.0025980153587,72.0,20.0,1.6281763510142275,15.147275179818951,4453.3839739043815,3265.2696291592238,0.0,0.0,0.0,GDI_TRX10_SS1,3933.28133325,9816.084646654315,21468.01958296792,7718.653603063605,23207.63933229479,False,1.0,0.0,1.0,0.0,0.0,0.0,0.0,0.0,0.0,0.0,1.0,0.0,0.0,1.0,0.0,0.0,1.0,1.0,0.0,0.0,0.0,0.0,0.0,1.0,0.0,0.0,222.88806095601265,201.39051105660528,192.6630028698281,158.27998208173628,381.3127304240897,220.44217021749583,2.665926615910534,1.3554167807791395,0.0,0.0
15,15,,1,1,ICE,,,,,,,,,0.0,0.0,215.2307042611132,215.2307042611132,0.0,7.5,0,13.8,215.2307042611132,171.80600020060442,0.0,164.30600020060442,0.0,0,150.5060002006044,32.413824,29.38840362317082,3.025420376829178,GDI_TRX10_SS1,455.0841533333334,38.66666666666666,aluminum,2216.458086768967,85.06068921077438,0.0,0.0,1335,1.0,Compact:sedan:HEV:1.0:{'gasoline':1.0}:car:2.0:0.0:2019:2016.0:5.0:PS_DHE_TRXCV:steel:Toyota,2020,-49.87033333333343,1510.3326946966636,0.0,251.04123873897024,2516.458086768967,72.0,20.0,1.6281763510142275,15.147275179818951,3825.67450684492,3255.37882650094,0.0,0.0,0.0,GDI_TRX10_SS1,4570.929182,8875.466746654316,20527.449262000177,7081.05333334586,22961.96875200144,False,1.0,0.0,1.0,0.0,0.0,0.0,0.0,0.0,0.0,0.0,1.0,0.0,0.0,1.0,0.0,0.0,1.0,1.0,0.0,0.0,0.0,0.0,0.0,1.0,0.0,0.0,207.05318446820905,182.10979504844408,179.04791430557557,153.92188099799574,344.903681287885,215.22104300734148,2.21559838622967,1.169336415512252,0.0,0.0
16,16,,1,1,ICE,,,,,,,,,0.0,0.0,216.72333299811223,216.72333299811223,0.0,7.5,0,13.8,216.72333299811223,173.5916170528994,0.0,166.0916170528994,0.0,0,152.2916170528994,32.413824,29.737070312217348,2.67675368778265,GDI_TRX10_SS1,470.302261,40.6,aluminum,2283.04032522339,87.6159060794973,0.0,0.0,1335,1.0,Compact:sedan:HEV:1.0:{'gasoline':1.0}:car:2.0:0.0:2019:2016.0:5.0:PS_DHE_TRXCV:steel:Toyota,2020,0.0,1560.203028029997,0.0,252.5350361933928,2583.04032522339,72.0,20.0,1.6281763510142275,15.147275179818951,3931.676304118603,3257.006711103973,0.0,0.0,0.0,GDI_TRX10_SS1,4648.5415311,9334.304746654318,21171.52929297689,7188.683015222576,23233.584011825176,False,1.0,0.0,1.0,0.0,0.0,0.0,0.0,0.0,0.0,0.0,1.0,0.0,0.0,1.0,0.0,0.0,1.0,1.0,0.0,0.0,0.0,0.0,0.0,1.0,0.0,0.0,209.5569901944901,185.25748108147957,181.19963937494924,154.54030386537903,350.7178194287041,215.823759628698,2.2914661124549265,1.199728369687527,0.0,0.0
17,17,,1,1,ICE,,,,,,,,,0.0,0.0,218.391172549435,218.391172549435,0.0,7.5,0,13.8,218.391172549435,175.50591163034682,0.0,168.00591163034682,0.0,0,154.2059116303468,33.750659923200004,30.11086312858804,3.639796794611964,GDI_TRX10_SS1,486.2812740500001,42.63,aluminum,2352.99216076168,90.30043748478973,0.0,0.0,1335,1.0,Compact:sedan:HEV:1.0:{'gasoline':1.0}:car:2.0:0.0:2019:2016.0:5.0:PS_DHE_TRXCV:steel:Toyota,2020,52.36385000000003,1612.566878029997,0.0,254.1440086816829,2652.99216076168,72.0,20.0,1.6281763510142275,15.147275179818951,4041.864178282445,3258.71697976826,0.0,0.0,0.0,GDI_TRX10_SS1,4730.034497655,9816.084646654315,21846.700302360023,7300.581158050705,23518.623992811456,False,1.0,0.0,1.0,0.0,0.0,0.0,0.0,0.0,0.0,0.0,1.0,0.0,0.0,1.0,0.0,0.0,1.0,1.0,0.0,0.0,0.0,0.0,0.0,1.0,0.0,0.0,212.2380824171649,188.5770910663916,183.50427062029488,155.23957571309825,356.9126281293739,216.5862699670766,2.370409675269064,1.231760711820703,0.0,0.0
18,18,,1,1,ICE,,,,,,,,,0.0,0.0,230.91270960319497,230.91270960319497,0.0,5.0,0,13.8,230.91270960319497,187.11490812265268,0.0,182.11490812265268,0.0,0,168.31490812265267,32.413824,32.86584221966165,-0.4520182196616531,GDI_TRX11_SS0,700.1294666666668,38.66666666666666,steel,2467.266670808189,94.68593371492564,0.0,0.0,1335,1.0,Compact:sedan:HEV:1.0:{'gasoline':1.0}:car:2.0:0.0:2019:2016.0:5.0:PS_DHE_TRXCV:steel:Toyota,2020,-49.87033333333343,1510.3326946966636,0.0,256.8045094448587,2767.266670808189,72.0,20.0,1.6281763510142275,15.147275179818951,4219.349982948297,2810.774198922387,0.0,0.0,0.0,GDI_TRX11_SS0,3825.2913,8875.466746654316,19730.882228525,7030.124181870684,22314.61109376656,False,1.0,0.0,0.0,0.0,0.0,0.0,0.0,0.0,0.0,0.0,1.0,0.0,0.0,1.0,0.0,0.0,1.0,0.0,1.0,0.0,0.0,0.0,0.0,1.0,0.0,0.0,226.0135460253385,210.4387171096128,197.11923826625105,159.13525630266483,368.1045269126228,227.0514229071865,2.497734778363014,1.2843088680962904,0.0,0.0
19,19,,1,1,ICE,,,,,,,,,0.0,0.0,233.00935943416647,233.00935943416647,0.0,5.0,0,13.8,233.00935943416647,189.4948348955483,0.0,184.4948348955483,0.0,0,170.6948348955483,32.413824,33.33055624104434,-0.9167322410443433,GDI_TRX11_SS0,723.5419400000001,40.6,steel,2542.244108770617,97.56333193256542,0.0,0.0,1335,1.0,Compact:sedan:HEV:1.0:{'gasoline':1.0}:car:2.0:0.0:2019:2016.0:5.0:PS_DHE_TRXCV:steel:Toyota,2020,0.0,1560.203028029997,0.0,258.49914074062,2842.244108770617,72.0,20.0,1.6281763510142275,15.147275179818951,4334.15427473499,2810.774198922387,0.0,0.0,0.0,GDI_TRX11_SS0,3877.969365,9334.304746654318,20357.20258531169,7144.928473657377,22574.213751161675,False,1.0,0.0,0.0,0.0,0.0,0.0,0.0,0.0,0.0,0.0,1.0,0.0,0.0,1.0,0.0,0.0,1.0,0.0,1.0,0.0,0.0,0.0,0.0,1.0,0.0,0.0,229.4337770995648,214.20851442682985,200.1033584409552,160.1688387137885,375.0050474118128,228.15980897185617,2.580199038124665,1.3189303770257688,0.0,0.0
20,20,,1,1,ICE,,,,,,,,,0.0,0.0,235.2754827931633,235.2754827931633,0.0,5.0,0,13.8,235.2754827931633,192.01969125137856,0.0,187.01969125137856,0.0,0,173.21969125137855,33.750659923200004,33.82356979250918,-0.0729098693091785,GDI_TRX11_SS0,748.1250370000001,42.63,steel,2621.0025980153587,100.58583500462797,0.0,0.0,1335,1.0,Compact:sedan:HEV:1.0:{'gasoline':1.0}:car:2.0:0.0:2019:2016.0:5.0:PS_DHE_TRXCV:steel:Toyota,2020,52.36385000000003,1612.566878029997,0.0,260.3106829853613,2921.0025980153587,72.0,20.0,1.6281763510142275,15.147275179818951,4453.3839739043815,2810.774198922387,0.0,0.0,0.0,GDI_TRX11_SS0,3933.28133325,9816.084646654315,21013.524152731086,7264.158172826768,22846.09677346121,False,1.0,0.0,0.0,0.0,0.0,0.0,0.0,0.0,0.0,0.0,1.0,0.0,0.0,1.0,0.0,0.0,1.0,0.0,1.0,0.0,0.0,0.0,0.0,1.0,0.0,0.0,233.0601685940016,218.1786610939039,203.26699672282467,161.2851385359603,382.3383853537361,229.403464080905,2.665926615910534,1.3554167807791395,0.0,0.0
21,21,,1,1,ICE,,,,,,,,,0.0,0.0,224.4690944657608,224.4690944657608,0.0,5.0,0,13.8,224.4690944657608,179.36955584798994,0.0,174.36955584798994,0.0,0,160.56955584798993,32.413824,31.353453753101903,1.060370246898092,GDI_TRX11_SS0,455.0841533333334,38.66666666666666,aluminum,2216.458086768967,85.06068921077438,0.0,0.0,1335,1.0,Compact:sedan:HEV:1.0:{'gasoline':1.0}:car:2.0:0.0:2019:2016.0:5.0:PS_DHE_TRXCV:steel:Toyota,2020,-49.87033333333343,1510.3326946966636,0.0,251.04123873897024,2516.458086768967,72.0,20.0,1.6281763510142275,15.147275179818951,3825.67450684492,2810.774198922387,0.0,0.0,0.0,GDI_TRX11_SS0,4570.929182,8875.466746654316,20082.84463442162,6636.448705767307,22605.264517299463,False,1.0,0.0,0.0,0.0,0.0,0.0,0.0,0.0,0.0,0.0,1.0,0.0,0.0,1.0,0.0,0.0,1.0,0.0,1.0,0.0,0.0,0.0,0.0,1.0,0.0,0.0,214.8606919268668,197.9073062317565,187.38615634827715,155.95062216782588,345.73975672090967,224.06190094657256,2.21559838622967,1.169336415512252,0.0,0.0
22,22,,1,1,ICE,,,,,,,,,0.0,0.0,226.07802740603697,226.07802740603697,0.0,5.0,0,13.8,226.07802740603697,181.38790189334543,0.0,176.38790189334543,0.0,0,162.58790189334542,32.413824,31.7475640753022,0.6662599246978012,GDI_TRX11_SS0,470.302261,40.6,aluminum,2283.04032522339,87.6159060794973,0.0,0.0,1335,1.0,Compact:sedan:HEV:1.0:{'gasoline':1.0}:car:2.0:0.0:2019:2016.0:5.0:PS_DHE_TRXCV:steel:Toyota,2020,0.0,1560.203028029997,0.0,252.5350361933928,2583.04032522339,72.0,20.0,1.6281763510142275,15.147275179818951,3931.676304118603,2810.774198922387,0.0,0.0,0.0,GDI_TRX11_SS0,4648.5415311,9334.304746654318,20725.296780795303,6742.45050304099,22876.35849063248,False,1.0,0.0,0.0,0.0,0.0,0.0,0.0,0.0,0.0,0.0,1.0,0.0,0.0,1.0,0.0,0.0,1.0,0.0,1.0,0.0,0.0,0.0,0.0,1.0,0.0,0.0,217.77132524056472,201.2210709028477,189.92660748820387,156.74748272497337,351.5526213753776,224.72663285702535,2.2914661124549265,1.199728369687527,0.0,0.0
23,23,,1,1,ICE,,,,,,,,,0.0,0.0,227.85364184691323,227.85364184691323,0.0,5.0,0,13.8,227.85364184691323,183.5398786143719,0.0,178.5398786143719,0.0,0,164.7398786143719,33.750659923200004,32.16776765775671,1.5828922654432915,GDI_TRX11_SS0,486.2812740500001,42.63,aluminum,2352.99216076168,90.30043748478973,0.0,0.0,1335,1.0,Compact:sedan:HEV:1.0:{'gasoline':1.0}:car:2.0:0.0:2019:2016.0:5.0:PS_DHE_TRXCV:steel:Toyota,2020,52.36385000000003,1612.566878029997,0.0,254.1440086816829,2652.99216076168,72.0,20.0,1.6281763510142275,15.147275179818951,4041.864178282445,2810.774198922387,0.0,0.0,0.0,GDI_TRX11_SS0,4730.034497655,9816.084646654315,21398.757521514148,6852.638377204832,23160.71364731481,False,1.0,0.0,0.0,0.0,0.0,0.0,0.0,0.0,0.0,0.0,1.0,0.0,0.0,1.0,0.0,0.0,1.0,0.0,1.0,0.0,0.0,0.0,0.0,1.0,0.0,0.0,220.87084832236343,204.71302869360596,192.6316567979717,157.62536424244152,357.762653580923,225.5333784998861,2.370409675269064,1.231760711820703,0.0,0.0
24,24,,1,1,ICE,,,,,,,,,0.0,0.0,227.5699929118332,227.5699929118332,0.0,7.5,0,13.8,227.5699929118332,180.19055986809676,0.0,172.69055986809673,0.0,0,158.89055986809672,32.413824,31.02560628208404,1.3882177179159605,GDI_TRX11_SS1,700.1294666666668,38.66666666666666,steel,2467.266670808189,94.68593371492564,0.0,0.0,1335,1.0,Compact:sedan:HEV:1.0:{'gasoline':1.0}:car:2.0:0.0:2019:2016.0:5.0:PS_DHE_TRXCV:steel:Toyota,2020,-49.87033333333343,1510.3326946966636,0.0,256.8045094448587,2767.266670808189,72.0,20.0,1.6281763510142275,15.147275179818951,4219.349982948297,3325.3276077084565,0.0,0.0,0.0,GDI_TRX11_SS1,3825.2913,8875.466746654316,20245.43563731107,7544.677590656754,22797.359598891173,False,1.0,0.0,1.0,0.0,0.0,0.0,0.0,0.0,0.0,0.0,1.0,0.0,0.0,1.0,0.0,0.0,1.0,0.0,1.0,0.0,0.0,0.0,0.0,1.0,0.0,0.0,217.0001612397998,195.1879319563535,187.25190363505607,158.99979871850064,368.3496216219907,227.0691532371622,2.497734778363014,1.2843088680962904,0.0,0.0
25,25,,1,1,ICE,,,,,,,,,0.0,0.0,229.61363958357504,229.61363958357504,0.0,7.5,0,13.8,229.61363958357504,182.45961204123597,0.0,174.95961204123594,0.0,0,161.15961204123593,32.413824,31.46867048561989,0.945153514380106,GDI_TRX11_SS1,723.5419400000001,40.6,steel,2542.244108770617,97.56333193256542,0.0,0.0,1335,1.0,Compact:sedan:HEV:1.0:{'gasoline':1.0}:car:2.0:0.0:2019:2016.0:5.0:PS_DHE_TRXCV:steel:Toyota,2020,0.0,1560.203028029997,0.0,258.49914074062,2842.244108770617,72.0,20.0,1.6281763510142275,15.147275179818951,4334.15427473499,3327.1607484929527,0.0,0.0,0.0,GDI_TRX11_SS1,3877.969365,9334.304746654318,20873.589134882262,7661.315023227943,23058.291088590977,False,1.0,0.0,1.0,0.0,0.0,0.0,0.0,0.0,0.0,0.0,1.0,0.0,0.0,1.0,0.0,0.0,1.0,0.0,1.0,0.0,0.0,0.0,0.0,1.0,0.0,0.0,220.26940112540183,198.72271363381188,190.06677301423483,160.03086497641945,375.243020252834,228.17947610888476,2.580199038124665,1.3189303770257688,0.0,0.0
26,26,,1,1,ICE,,,,,,,,,0.0,0.0,231.8237256044304,231.8237256044304,0.0,7.5,0,13.8,231.8237256044304,184.867902915604,0.0,177.36790291560402,0.0,0,163.567902915604,33.750659923200004,31.938922994912502,1.8117369282875015,GDI_TRX11_SS1,748.1250370000001,42.63,steel,2621.0025980153587,100.58583500462797,0.0,0.0,1335,1.0,Compact:sedan:HEV:1.0:{'gasoline':1.0}:car:2.0:0.0:2019:2016.0:5.0:PS_DHE_TRXCV:steel:Toyota,2020,52.36385000000003,1612.566878029997,0.0,260.3106829853613,2921.0025980153587,72.0,20.0,1.6281763510142275,15.147275179818951,4453.3839739043815,3329.086333077908,0.0,0.0,0.0,GDI_TRX11_SS1,3933.28133325,9816.084646654315,21531.83628688661,7782.47030698229,23331.566517732448,False,1.0,0.0,1.0,0.0,0.0,0.0,0.0,0.0,0.0,0.0,1.0,0.0,0.0,1.0,0.0,0.0,1.0,0.0,1.0,0.0,0.0,0.0,0.0,1.0,0.0,0.0,223.737083493292,202.44541834855156,193.05254799116963,161.14471652340538,382.5666644588525,229.4249618064457,2.665926615910534,1.3554167807791395,0.0,0.0
27,27,,1,1,ICE,,,,,,,,,0.0,0.0,221.3006961899057,221.3006961899057,0.0,7.5,0,13.8,221.3006961899057,172.81555828035255,0.0,165.31555828035255,0.0,0,151.51555828035254,32.413824,29.58553397205476,2.82829002794524,GDI_TRX11_SS1,455.0841533333334,38.66666666666666,aluminum,2216.458086768967,85.06068921077438,0.0,0.0,1335,1.0,Compact:sedan:HEV:1.0:{'gasoline':1.0}:car:2.0:0.0:2019:2016.0:5.0:PS_DHE_TRXCV:steel:Toyota,2020,-49.87033333333343,1510.3326946966636,0.0,251.04123873897024,2516.458086768967,72.0,20.0,1.6281763510142275,15.147275179818951,3825.67450684492,3319.195530419625,0.0,0.0,0.0,GDI_TRX11_SS1,4570.929182,8875.466746654316,20591.265965918858,7144.870037264544,23083.53953032911,False,1.0,0.0,1.0,0.0,0.0,0.0,0.0,0.0,0.0,0.0,1.0,0.0,0.0,1.0,0.0,0.0,1.0,0.0,1.0,0.0,0.0,0.0,0.0,1.0,0.0,0.0,206.35174933238235,183.43873213861096,178.08408050995104,155.82534927592047,345.98792051430985,224.07153522063783,2.21559838622967,1.169336415512252,0.0,0.0
28,28,,1,1,ICE,,,,,,,,,0.0,0.0,222.86386170391185,222.86386170391185,0.0,7.5,0,13.8,222.86386170391185,174.7356503175721,0.0,167.2356503175721,0.0,0,153.43565031757208,32.413824,29.960458823610395,2.453365176389603,GDI_TRX11_SS1,470.302261,40.6,aluminum,2283.04032522339,87.6159060794973,0.0,0.0,1335,1.0,Compact:sedan:HEV:1.0:{'gasoline':1.0}:car:2.0:0.0:2019:2016.0:5.0:PS_DHE_TRXCV:steel:Toyota,2020,0.0,1560.203028029997,0.0,252.5350361933928,2583.04032522339,72.0,20.0,1.6281763510142275,15.147275179818951,3931.676304118603,3320.8234150226576,0.0,0.0,0.0,GDI_TRX11_SS1,4648.5415311,9334.304746654318,21235.34599689558,7252.49971914126,23355.82592552101,False,1.0,0.0,1.0,0.0,0.0,0.0,0.0,0.0,0.0,0.0,1.0,0.0,0.0,1.0,0.0,0.0,1.0,0.0,1.0,0.0,0.0,0.0,0.0,1.0,0.0,0.0,209.12855438397304,186.54543717402385,180.47465184257604,156.61918801552258,351.8037631284513,224.73868524302347,2.2914661124549265,1.199728369687527,0.0,0.0
29,29,,1,1,ICE,,,,,,,,,0.0,0.0,224.59097343537297,224.59097343537297,0.0,7.5,0,13.8,224.59097343537297,176.7843585993653,0.0,169.2843585993653,0.0,0,155.4843585993653,33.750659923200004,30.360497797546465,3.3901621256535392,GDI_TRX11_SS1,486.2812740500001,42.63,aluminum,2352.99216076168,90.30043748478973,0.0,0.0,1335,1.0,Compact:sedan:HEV:1.0:{'gasoline':1.0}:car:2.0:0.0:2019:2016.0:5.0:PS_DHE_TRXCV:steel:Toyota,2020,52.36385000000003,1612.566878029997,0.0,254.1440086816829,2652.99216076168,72.0,20.0,1.6281763510142275,15.147275179818951,4041.864178282445,3322.5336836869446,0.0,0.0,0.0,GDI_TRX11_SS1,4730.034497655,9816.084646654315,21910.517006278707,7364.39786196939,23641.429862759996,False,1.0,0.0,1.0,0.0,0.0,0.0,0.0,0.0,0.0,0.0,1.0,0.0,0.0,1.0,0.0,0.0,1.0,0.0,1.0,0.0,0.0,0.0,0.0,1.0,0.0,0.0,212.08741384892647,189.81939411427103,183.02207988223623,157.49416252949567,358.0137128620683,225.54775248442863,2.370409675269064,1.231760711820703,0.0,0.0
30,30,,1,1,ICE,,,,,,,,,0.0,0.0,222.59386308622572,222.59386308622572,0.0,5.0,0,13.8,222.59386308622572,178.8569330528207,0.0,173.8569330528207,0.0,0,160.05693305282068,32.413824,31.253356975625977,1.1604670243740216,GDI_TRX12_SS0,700.1294666666668,38.66666666666666,steel,2467.266670808189,94.68593371492564,0.0,0.0,1335,1.0,Compact:sedan:HEV:1.0:{'gasoline':1.0}:car:2.0:0.0:2019:2016.0:5.0:PS_DHE_TRXCV:steel:Toyota,2020,-49.87033333333343,1510.3326946966636,0.0,256.8045094448587,2767.266670808189,72.0,20.0,1.6281763510142275,15.147275179818951,4219.349982948297,3156.318303067461,0.0,0.0,0.0,GDI_TRX12_SS0,3825.2913,8875.466746654316,20076.426332670075,7375.668286015758,22581.003975574906,False,1.0,0.0,0.0,0.0,0.0,0.0,0.0,0.0,0.0,0.0,1.0,0.0,0.0,1.0,0.0,0.0,1.0,0.0,0.0,1.0,0.0,0.0,0.0,1.0,0.0,0.0,217.94644384529497,196.6660647053208,189.90646900785163,153.9692584953291,361.7442907340023,219.55211963669737,2.497734778363014,1.2843088680962904,0.0,0.0
31,31,,1,1,ICE,,,,,,,,,0.0,0.0,224.8699642112541,224.8699642112541,0.0,5.0,0,13.8,224.8699642112541,181.0982540659997,0.0,176.0982540659997,0.0,0,162.29825406599969,32.413824,31.691006281943363,0.7228177180566355,GDI_TRX12_SS0,723.5419400000001,40.6,steel,2542.244108770617,97.56333193256542,0.0,0.0,1335,1.0,Compact:sedan:HEV:1.0:{'gasoline':1.0}:car:2.0:0.0:2019:2016.0:5.0:PS_DHE_TRXCV:steel:Toyota,2020,0.0,1560.203028029997,0.0,258.49914074062,2842.244108770617,72.0,20.0,1.6281763510142275,15.147275179818951,4334.15427473499,3156.318303067461,0.0,0.0,0.0,GDI_TRX12_SS0,3877.969365,9334.304746654318,20702.74668945677,7490.472577802451,22842.31405589765,False,1.0,0.0,0.0,0.0,0.0,0.0,0.0,0.0,0.0,0.0,1.0,0.0,0.0,1.0,0.0,0.0,1.0,0.0,0.0,1.0,0.0,0.0,0.0,1.0,0.0,0.0,221.31531803293063,200.18459613043888,192.8231629744197,154.88955508940967,368.9985770852978,220.96086734848924,2.580199038124665,1.3189303770257688,0.0,0.0
32,32,,1,1,ICE,,,,,,,,,0.0,0.0,227.28448785366368,227.28448785366368,0.0,5.0,0,13.8,227.28448785366368,183.47533554402003,0.0,178.47533554402003,0.0,0,164.67533554402002,33.750659923200004,32.155164719667525,1.5954952035324794,GDI_TRX12_SS0,748.1250370000001,42.63,steel,2621.0025980153587,100.58583500462797,0.0,0.0,1335,1.0,Compact:sedan:HEV:1.0:{'gasoline':1.0}:car:2.0:0.0:2019:2016.0:5.0:PS_DHE_TRXCV:steel:Toyota,2020,52.36385000000003,1612.566878029997,0.0,260.3106829853613,2921.0025980153587,72.0,20.0,1.6281763510142275,15.147275179818951,4453.3839739043815,3156.318303067461,0.0,0.0,0.0,GDI_TRX12_SS0,3933.28133325,9816.084646654315,21359.06825687616,7609.702276971842,23115.6090604718,False,1.0,0.0,0.0,0.0,0.0,0.0,0.0,0.0,0.0,0.0,1.0,0.0,0.0,1.0,0.0,0.0,1.0,0.0,0.0,1.0,0.0,0.0,0.0,1.0,0.0,0.0,224.87462784263576,203.892230032162,195.90539084424216,155.88799302752722,376.62522934004807,222.4691622991929,2.665926615910534,1.3554167807791395,0.0,0.0
33,33,,1,1,ICE,,,,,,,,,0.0,0.0,215.20011281384643,215.20011281384643,0.0,5.0,0,13.8,215.20011281384643,171.55828893465252,0.0,166.55828893465252,0.0,0,152.7582889346525,32.413824,29.82819453053599,2.58562946946401,GDI_TRX12_SS0,455.0841533333334,38.66666666666666,aluminum,2216.458086768967,85.06068921077438,0.0,0.0,1335,1.0,Compact:sedan:HEV:1.0:{'gasoline':1.0}:car:2.0:0.0:2019:2016.0:5.0:PS_DHE_TRXCV:steel:Toyota,2020,-49.87033333333343,1510.3326946966636,0.0,251.04123873897024,2516.458086768967,72.0,20.0,1.6281763510142275,15.147275179818951,3825.67450684492,3156.318303067461,0.0,0.0,0.0,GDI_TRX12_SS0,4570.929182,8875.466746654316,20428.388738566697,6981.992809912381,22862.61716051673,False,1.0,0.0,0.0,0.0,0.0,0.0,0.0,0.0,0.0,0.0,1.0,0.0,0.0,1.0,0.0,0.0,1.0,0.0,0.0,1.0,0.0,0.0,0.0,1.0,0.0,0.0,206.86721702540444,184.9881621410582,180.3203301403808,151.16896206948212,337.552556760542,215.10751303555912,2.21559838622967,1.169336415512252,0.0,0.0
34,34,,1,1,ICE,,,,,,,,,0.0,0.0,217.1228688527225,217.1228688527225,0.0,5.0,0,13.8,217.1228688527225,173.46082097728492,0.0,168.46082097728492,0.0,0,154.6608209772849,32.413824,30.19969054730856,2.2141334526914385,GDI_TRX12_SS0,470.302261,40.6,aluminum,2283.04032522339,87.6159060794973,0.0,0.0,1335,1.0,Compact:sedan:HEV:1.0:{'gasoline':1.0}:car:2.0:0.0:2019:2016.0:5.0:PS_DHE_TRXCV:steel:Toyota,2020,0.0,1560.203028029997,0.0,252.5350361933928,2583.04032522339,72.0,20.0,1.6281763510142275,15.147275179818951,3931.676304118603,3156.318303067461,0.0,0.0,0.0,GDI_TRX12_SS0,4648.5415311,9334.304746654318,21070.840884940382,7087.994607186064,23136.697062463885,False,1.0,0.0,0.0,0.0,0.0,0.0,0.0,0.0,0.0,0.0,1.0,0.0,0.0,1.0,0.0,0.0,1.0,0.0,0.0,1.0,0.0,0.0,0.0,1.0,0.0,0.0,209.7739596064379,188.0729842804468,182.83424652327116,151.86329654265205,343.959841514439,216.23845852126504,2.2914661124549265,1.199728369687527,0.0,0.0
35,35,,1,1,ICE,,,,,,,,,0.0,0.0,219.17680282782888,219.17680282782888,0.0,5.0,0,13.8,219.17680282782888,175.4888810127366,0.0,170.4888810127366,0.0,0,156.6888810127366,33.750659923200004,30.595697662071,3.154962261129004,GDI_TRX12_SS0,486.2812740500001,42.63,aluminum,2352.99216076168,90.30043748478973,0.0,0.0,1335,1.0,Compact:sedan:HEV:1.0:{'gasoline':1.0}:car:2.0:0.0:2019:2016.0:5.0:PS_DHE_TRXCV:steel:Toyota,2020,52.36385000000003,1612.566878029997,0.0,254.1440086816829,2652.99216076168,72.0,20.0,1.6281763510142275,15.147275179818951,4041.864178282445,3156.318303067461,0.0,0.0,0.0,GDI_TRX12_SS0,4730.034497655,9816.084646654315,21744.301625659224,7198.182481349906,23423.70034245148,False,1.0,0.0,0.0,0.0,0.0,0.0,0.0,0.0,0.0,0.0,1.0,0.0,0.0,1.0,0.0,0.0,1.0,0.0,0.0,1.0,0.0,0.0,0.0,1.0,0.0,0.0,212.85689214498075,191.32641178501063,185.50147955129395,152.63372151452626,350.70441853706353,217.4681004997526,2.370409675269064,1.231760711820703,0.0,0.0
36,36,,1,1,ICE,,,,,,,,,0.0,0.0,220.19948016664864,220.19948016664864,0.0,7.5,0,13.8,220.19948016664864,174.011323872834,0.0,166.511323872834,0.0,0,152.711323872834,32.413824,29.81902394470505,2.594800055294943,GDI_TRX12_SS1,700.1294666666668,38.66666666666666,steel,2467.266670808189,94.68593371492564,0.0,0.0,1335,1.0,Compact:sedan:HEV:1.0:{'gasoline':1.0}:car:2.0:0.0:2019:2016.0:5.0:PS_DHE_TRXCV:steel:Toyota,2020,-49.87033333333343,1510.3326946966636,0.0,256.8045094448587,2767.266670808189,72.0,20.0,1.6281763510142275,15.147275179818951,4219.349982948297,3670.8717118535305,0.0,0.0,0.0,GDI_TRX12_SS1,3825.2913,8875.466746654316,20590.979741456144,7890.221694801828,23072.77557988362,False,1.0,0.0,1.0,0.0,0.0,0.0,0.0,0.0,0.0,0.0,1.0,0.0,0.0,1.0,0.0,0.0,1.0,0.0,0.0,1.0,0.0,0.0,0.0,1.0,0.0,0.0,211.5711026507409,186.1755936328363,182.95424881402,153.79230623214818,360.77030702924986,219.55767088529805,2.497734778363014,1.2843088680962904,0.0,0.0
37,37,,1,1,ICE,,,,,,,,,0.0,0.0,222.44413751485203,222.44413751485203,0.0,7.5,0,13.8,222.44413751485203,176.18649983507885,0.0,168.68649983507885,0.0,0,154.88649983507884,32.413824,30.24375750379684,2.1700664962031624,GDI_TRX12_SS1,723.5419400000001,40.6,steel,2542.244108770617,97.56333193256542,0.0,0.0,1335,1.0,Compact:sedan:HEV:1.0:{'gasoline':1.0}:car:2.0:0.0:2019:2016.0:5.0:PS_DHE_TRXCV:steel:Toyota,2020,0.0,1560.203028029997,0.0,258.49914074062,2842.244108770617,72.0,20.0,1.6281763510142275,15.147275179818951,4334.15427473499,3672.7048526380263,0.0,0.0,0.0,GDI_TRX12_SS1,3877.969365,9334.304746654318,21219.13323902733,8006.859127373017,23335.619623290502,False,1.0,0.0,1.0,0.0,0.0,0.0,0.0,0.0,0.0,0.0,1.0,0.0,0.0,1.0,0.0,0.0,1.0,0.0,0.0,1.0,0.0,0.0,0.0,1.0,0.0,0.0,214.84065460778535,189.54281778518637,185.7657451520055,154.7218920909249,368.0786500499099,220.96617398941024,2.580199038124665,1.3189303770257688,0.0,0.0
38,38,,1,1,ICE,,,,,,,,,0.0,0.0,224.8257376976527,224.8257376976527,0.0,7.5,0,13.8,224.8257376976527,178.4939938805221,0.0,170.9939938805221,0.0,0,157.1939938805221,33.750659923200004,30.694328021086267,3.0563319021137367,GDI_TRX12_SS1,748.1250370000001,42.63,steel,2621.0025980153587,100.58583500462797,0.0,0.0,1335,1.0,Compact:sedan:HEV:1.0:{'gasoline':1.0}:car:2.0:0.0:2019:2016.0:5.0:PS_DHE_TRXCV:steel:Toyota,2020,52.36385000000003,1612.566878029997,0.0,260.3106829853613,2921.0025980153587,72.0,20.0,1.6281763510142275,15.147275179818951,4453.3839739043815,3674.630437222982,0.0,0.0,0.0,GDI_TRX12_SS1,3933.28133325,9816.084646654315,21877.38039103168,8128.014411127364,23610.526956030422,False,1.0,0.0,1.0,0.0,0.0,0.0,0.0,0.0,0.0,0.0,1.0,0.0,0.0,1.0,0.0,0.0,1.0,0.0,0.0,1.0,0.0,0.0,0.0,1.0,0.0,0.0,218.2966260037895,193.091772550116,188.73821611769773,155.72918506071915,375.7602433524166,222.4743157129325,2.665926615910534,1.3554167807791395,0.0,0.0
39,39,,1,1,ICE,,,,,,,,,0.0,0.0,212.911756907009,212.911756907009,0.0,7.5,0,13.8,212.911756907009,166.933090901965,0.0,159.433090901965,0.0,0,145.63309090196498,32.413824,28.43689986188129,3.976924138118708,GDI_TRX12_SS1,455.0841533333334,38.66666666666666,aluminum,2216.458086768967,85.06068921077438,0.0,0.0,1335,1.0,Compact:sedan:HEV:1.0:{'gasoline':1.0}:car:2.0:0.0:2019:2016.0:5.0:PS_DHE_TRXCV:steel:Toyota,2020,-49.87033333333343,1510.3326946966636,0.0,251.04123873897024,2516.458086768967,72.0,20.0,1.6281763510142275,15.147275179818951,3825.67450684492,3664.739634564699,0.0,0.0,0.0,GDI_TRX12_SS1,4570.929182,8875.466746654316,20936.810070063933,7490.414141409618,23349.26550139583,False,1.0,0.0,1.0,0.0,0.0,0.0,0.0,0.0,0.0,0.0,1.0,0.0,0.0,1.0,0.0,0.0,1.0,0.0,0.0,1.0,0.0,0.0,0.0,1.0,0.0,0.0,200.83191469385469,175.00596152967248,173.72566054755112,150.95382227839892,336.38311366561874,215.11473110226447,2.21559838622967,1.169336415512252,0.0,0.0
40,40,,1,1,ICE,,,,,,,,,0.0,0.0,214.80622602171968,214.80622602171968,0.0,7.5,0,13.8,214.80622602171968,168.7772514386738,0.0,161.2772514386738,0.0,0,147.4772514386738,32.413824,28.7969980249212,3.6168259750788,GDI_TRX12_SS1,470.302261,40.6,aluminum,2283.04032522339,87.6159060794973,0.0,0.0,1335,1.0,Compact:sedan:HEV:1.0:{'gasoline':1.0}:car:2.0:0.0:2019:2016.0:5.0:PS_DHE_TRXCV:steel:Toyota,2020,0.0,1560.203028029997,0.0,252.5350361933928,2583.04032522339,72.0,20.0,1.6281763510142275,15.147275179818951,3931.676304118603,3666.367519167732,0.0,0.0,0.0,GDI_TRX12_SS1,4648.5415311,9334.304746654318,21580.89010104065,7598.043823286334,23624.704146711203,False,1.0,0.0,1.0,0.0,0.0,0.0,0.0,0.0,0.0,0.0,1.0,0.0,0.0,1.0,0.0,0.0,1.0,0.0,0.0,1.0,0.0,0.0,0.0,1.0,0.0,0.0,203.6470959378546,177.95548727322708,176.1437424006409,151.65947397855138,342.8447519061177,216.24509009225517,2.2914661124549265,1.199728369687527,0.0,0.0
41,41,,1,1,ICE,,,,,,,,,0.0,0.0,216.8305551678648,216.8305551678648,0.0,7.5,0,13.8,216.8305551678648,170.74387139709364,0.0,163.24387139709364,0.0,0,149.44387139709363,33.750659923200004,29.181008104482093,4.569651818717912,GDI_TRX12_SS1,486.2812740500001,42.63,aluminum,2352.99216076168,90.30043748478973,0.0,0.0,1335,1.0,Compact:sedan:HEV:1.0:{'gasoline':1.0}:car:2.0:0.0:2019:2016.0:5.0:PS_DHE_TRXCV:steel:Toyota,2020,52.36385000000003,1612.566878029997,0.0,254.1440086816829,2652.99216076168,72.0,20.0,1.6281763510142275,15.147275179818951,4041.864178282445,3668.077787832018,0.0,0.0,0.0,GDI_TRX12_SS1,4730.034497655,9816.084646654315,22256.061110423783,7709.941966114464,23913.1360146764,False,1.0,0.0,1.0,0.0,0.0,0.0,0.0,0.0,0.0,0.0,1.0,0.0,0.0,1.0,0.0,0.0,1.0,0.0,0.0,1.0,0.0,0.0,0.0,1.0,0.0,0.0,206.63488360726592,181.0670737792762,178.71102826945503,152.44082931347052,349.64440955479625,217.47423422357863,2.370409675269064,1.231760711820703,0.0,0.0
42,42,,1,1,ICE,,,,,,,,,0.0,0.0,215.70136594380256,215.70136594380256,0.0,5.0,0,13.8,215.70136594380256,176.5962933348493,0.0,171.5962933348493,0.0,0,157.79629333484928,32.413824,30.81193542173601,1.6018885782639884,GDI_TRX21_SS0,700.1294666666668,38.66666666666666,steel,2467.266670808189,94.68593371492564,0.0,0.0,1335,1.0,Compact:sedan:HEV:1.0:{'gasoline':1.0}:car:2.0:0.0:2019:2016.0:5.0:PS_DHE_TRXCV:steel:Toyota,2020,-49.87033333333343,1510.3326946966636,0.0,256.8045094448587,2767.266670808189,72.0,20.0,1.6281763510142275,15.147275179818951,4219.349982948297,3024.015380309212,0.0,0.0,0.0,GDI_TRX21_SS0,3825.2913,8875.466746654316,19944.123409911823,7243.365363257509,22383.121098593147,False,1.0,0.0,0.0,0.0,0.0,0.0,0.0,0.0,0.0,0.0,1.0,0.0,0.0,1.0,0.0,0.0,1.0,0.0,0.0,0.0,1.0,0.0,0.0,1.0,0.0,0.0,216.08616183784625,193.78540192228292,188.5814607625906,151.68554398696176,350.8038390638601,211.14794836903812,2.497734778363014,1.2843088680962904,0.0,0.0
43,43,,1,1,ICE,,,,,,,,,0.0,0.0,217.98836236904145,217.98836236904145,0.0,5.0,0,13.8,217.98836236904145,178.88587382978946,0.0,173.88587382978946,0.0,0,160.08587382978945,32.413824,31.259008067500005,1.154815932499993,GDI_TRX21_SS0,723.5419400000001,40.6,steel,2542.244108770617,97.56333193256542,0.0,0.0,1335,1.0,Compact:sedan:HEV:1.0:{'gasoline':1.0}:car:2.0:0.0:2019:2016.0:5.0:PS_DHE_TRXCV:steel:Toyota,2020,0.0,1560.203028029997,0.0,258.49914074062,2842.244108770617,72.0,20.0,1.6281763510142275,15.147275179818951,4334.15427473499,3024.015380309212,0.0,0.0,0.0,GDI_TRX21_SS0,3877.969365,9334.304746654318,20570.44376669852,7358.169655044202,22644.534844289166,False,1.0,0.0,0.0,0.0,0.0,0.0,0.0,0.0,0.0,0.0,1.0,0.0,0.0,1.0,0.0,0.0,1.0,0.0,0.0,0.0,1.0,0.0,0.0,1.0,0.0,0.0,219.37961321882625,197.5059934014029,191.43954776860625,152.6239475680035,358.379335674768,212.51480304253656,2.580199038124665,1.3189303770257688,0.0,0.0
44,44,,1,1,ICE,,,,,,,,,0.0,0.0,220.431016196245,220.431016196245,0.0,5.0,0,13.8,220.431016196245,181.31329897578507,0.0,176.31329897578507,0.0,0,162.51329897578506,33.750659923200004,31.73299681120769,2.0176631119923094,GDI_TRX21_SS0,748.1250370000001,42.63,steel,2621.0025980153587,100.58583500462797,0.0,0.0,1335,1.0,Compact:sedan:HEV:1.0:{'gasoline':1.0}:car:2.0:0.0:2019:2016.0:5.0:PS_DHE_TRXCV:steel:Toyota,2020,52.36385000000003,1612.566878029997,0.0,260.3106829853613,2921.0025980153587,72.0,20.0,1.6281763510142275,15.147275179818951,4453.3839739043815,3024.015380309212,0.0,0.0,0.0,GDI_TRX21_SS0,3933.28133325,9816.084646654315,21226.76533411791,7477.399354213593,22918.097498772044,False,1.0,0.0,0.0,0.0,0.0,0.0,0.0,0.0,0.0,0.0,1.0,0.0,0.0,1.0,0.0,0.0,1.0,0.0,0.0,0.0,1.0,0.0,0.0,1.0,0.0,0.0,222.86223880348524,201.4248889529772,194.4627443687814,153.63976056912395,366.3715310948159,214.00119014244888,2.665926615910534,1.3554167807791395,0.0,0.0
45,45,,1,1,ICE,,,,,,,,,0.0,0.0,208.4170197255894,208.4170197255894,0.0,5.0,0,13.8,208.4170197255894,169.13269266467418,0.0,164.13269266467418,0.0,0,150.33269266467417,32.413824,29.35456290047493,3.059261099525063,GDI_TRX21_SS0,455.0841533333334,38.66666666666666,aluminum,2216.458086768967,85.06068921077438,0.0,0.0,1335,1.0,Compact:sedan:HEV:1.0:{'gasoline':1.0}:car:2.0:0.0:2019:2016.0:5.0:PS_DHE_TRXCV:steel:Toyota,2020,-49.87033333333343,1510.3326946966636,0.0,251.04123873897024,2516.458086768967,72.0,20.0,1.6281763510142275,15.147275179818951,3825.67450684492,3024.015380309212,0.0,0.0,0.0,GDI_TRX21_SS0,4570.929182,8875.466746654316,20296.085815808445,6849.689887154131,22665.775228886967,False,1.0,0.0,0.0,0.0,0.0,0.0,0.0,0.0,0.0,0.0,1.0,0.0,0.0,1.0,0.0,0.0,1.0,0.0,0.0,0.0,1.0,0.0,0.0,1.0,0.0,0.0,205.278134752918,181.4277459989764,179.21000116950546,148.80823419414713,325.7622771258575,207.03820661885408,2.21559838622967,1.169336415512252,0.0,0.0
46,46,,1,1,ICE,,,,,,,,,0.0,0.0,210.28506710349373,210.28506710349373,0.0,5.0,0,13.8,210.28506710349373,171.07969914656263,0.0,166.07969914656263,0.0,0,152.27969914656262,32.413824,29.734743174154403,2.679080825845596,GDI_TRX21_SS0,470.302261,40.6,aluminum,2283.04032522339,87.6159060794973,0.0,0.0,1335,1.0,Compact:sedan:HEV:1.0:{'gasoline':1.0}:car:2.0:0.0:2019:2016.0:5.0:PS_DHE_TRXCV:steel:Toyota,2020,0.0,1560.203028029997,0.0,252.5350361933928,2583.04032522339,72.0,20.0,1.6281763510142275,15.147275179818951,3931.676304118603,3024.015380309212,0.0,0.0,0.0,GDI_TRX21_SS0,4648.5415311,9334.304746654318,20938.53796218213,6955.691684427815,22939.33459503876,False,1.0,0.0,0.0,0.0,0.0,0.0,0.0,0.0,0.0,0.0,1.0,0.0,0.0,1.0,0.0,0.0,1.0,0.0,0.0,0.0,1.0,0.0,0.0,1.0,0.0,0.0,208.10983892769644,184.6933266779187,181.6639558905624,149.52610785888632,332.35791207053427,208.04580500373595,2.2914661124549265,1.199728369687527,0.0,0.0
47,47,,1,1,ICE,,,,,,,,,0.0,0.0,212.3029255276922,212.3029255276922,0.0,5.0,0,13.8,212.3029255276922,173.15388971336847,0.0,168.15388971336847,0.0,0,154.35388971336846,33.750659923200004,30.13975792099118,3.610902002208825,GDI_TRX21_SS0,486.2812740500001,42.63,aluminum,2352.99216076168,90.30043748478973,0.0,0.0,1335,1.0,Compact:sedan:HEV:1.0:{'gasoline':1.0}:car:2.0:0.0:2019:2016.0:5.0:PS_DHE_TRXCV:steel:Toyota,2020,52.36385000000003,1612.566878029997,0.0,254.1440086816829,2652.99216076168,72.0,20.0,1.6281763510142275,15.147275179818951,4041.864178282445,3024.015380309212,0.0,0.0,0.0,GDI_TRX21_SS0,4730.034497655,9816.084646654315,21611.99870290097,7065.879558591657,23225.994627444485,False,1.0,0.0,0.0,0.0,0.0,0.0,0.0,0.0,0.0,0.0,1.0,0.0,0.0,1.0,0.0,0.0,1.0,0.0,0.0,0.0,1.0,0.0,0.0,1.0,0.0,0.0,211.1163835838165,188.13651634123167,184.27057068437196,150.31861441794138,339.3306230189821,209.17465375786887,2.370409675269064,1.231760711820703,0.0,0.0
48,48,,1,1,ICE,,,,,,,,,0.0,0.0,212.68645483420917,212.68645483420917,0.0,7.5,0,13.8,212.68645483420917,170.25833437821075,0.0,162.75833437821075,0.0,0,148.95833437821074,32.413824,29.08620020402694,3.327623795973057,GDI_TRX21_SS1,700.1294666666668,38.66666666666666,steel,2467.266670808189,94.68593371492564,0.0,0.0,1335,1.0,Compact:sedan:HEV:1.0:{'gasoline':1.0}:car:2.0:0.0:2019:2016.0:5.0:PS_DHE_TRXCV:steel:Toyota,2020,-49.87033333333343,1510.3326946966636,0.0,256.8045094448587,2767.266670808189,72.0,20.0,1.6281763510142275,15.147275179818951,4219.349982948297,3538.5687890952813,0.0,0.0,0.0,GDI_TRX21_SS1,3825.2913,8875.466746654316,20458.67681869789,7757.918772043578,22868.9885712853,False,1.0,0.0,1.0,0.0,0.0,0.0,0.0,0.0,0.0,0.0,1.0,0.0,0.0,1.0,0.0,0.0,1.0,0.0,0.0,0.0,1.0,0.0,0.0,1.0,0.0,0.0,207.74590141553404,179.91957751006026,179.49063517881186,151.54508948002083,350.2006443611978,211.2996118985105,2.497734778363014,1.2843088680962904,0.0,0.0
49,49,,1,1,ICE,,,,,,,,,0.0,0.0,214.9191488219344,214.9191488219344,0.0,7.5,0,13.8,214.9191488219344,172.44070997704455,0.0,164.94070997704455,0.0,0,151.14070997704454,32.413824,29.512339592957623,2.901484407042375,GDI_TRX21_SS1,723.5419400000001,40.6,steel,2542.244108770617,97.56333193256542,0.0,0.0,1335,1.0,Compact:sedan:HEV:1.0:{'gasoline':1.0}:car:2.0:0.0:2019:2016.0:5.0:PS_DHE_TRXCV:steel:Toyota,2020,0.0,1560.203028029997,0.0,258.49914074062,2842.244108770617,72.0,20.0,1.6281763510142275,15.147275179818951,4334.15427473499,3540.401929879777,0.0,0.0,0.0,GDI_TRX21_SS1,3877.969365,9334.304746654318,21086.830316269086,7874.556204614768,23131.71878705957,False,1.0,0.0,1.0,0.0,0.0,0.0,0.0,0.0,0.0,0.0,1.0,0.0,0.0,1.0,0.0,0.0,1.0,0.0,0.0,0.0,1.0,0.0,0.0,1.0,0.0,0.0,210.89581149284277,183.4074374275092,182.1940471929768,152.48090393225434,357.8627538803722,212.65535714512487,2.580199038124665,1.3189303770257688,0.0,0.0
50,50,,1,1,ICE,,,,,,,,,0.0,0.0,217.30394932980573,217.30394932980573,0.0,7.5,0,13.8,217.30394932980573,174.75567965042282,0.0,167.25567965042282,0.0,0,153.4556796504228,33.750659923200004,29.96436983126016,3.786290091939843,GDI_TRX21_SS1,748.1250370000001,42.63,steel,2621.0025980153587,100.58583500462797,0.0,0.0,1335,1.0,Compact:sedan:HEV:1.0:{'gasoline':1.0}:car:2.0:0.0:2019:2016.0:5.0:PS_DHE_TRXCV:steel:Toyota,2020,52.36385000000003,1612.566878029997,0.0,260.3106829853613,2921.0025980153587,72.0,20.0,1.6281763510142275,15.147275179818951,4453.3839739043815,3542.3275144647328,0.0,0.0,0.0,GDI_TRX21_SS1,3933.28133325,9816.084646654315,21745.077468273437,7995.711488369114,23406.656569891427,False,1.0,0.0,1.0,0.0,0.0,0.0,0.0,0.0,0.0,0.0,1.0,0.0,0.0,1.0,0.0,0.0,1.0,0.0,0.0,0.0,1.0,0.0,0.0,1.0,0.0,0.0,214.22872636636413,187.0817241907024,185.05487593925653,153.4941254139477,365.93632148554894,214.12965062293225,2.665926615910534,1.3554167807791395,0.0,0.0
51,51,,1,1,ICE,,,,,,,,,0.0,0.0,205.5764188544545,205.5764188544545,0.0,7.5,0,13.8,205.5764188544545,163.15468183325677,0.0,155.65468183325677,0.0,0,141.85468183325673,32.413824,27.699112593489044,4.714711406510954,GDI_TRX21_SS1,455.0841533333334,38.66666666666666,aluminum,2216.458086768967,85.06068921077438,0.0,0.0,1335,1.0,Compact:sedan:HEV:1.0:{'gasoline':1.0}:car:2.0:0.0:2019:2016.0:5.0:PS_DHE_TRXCV:steel:Toyota,2020,-49.87033333333343,1510.3326946966636,0.0,251.04123873897024,2516.458086768967,72.0,20.0,1.6281763510142275,15.147275179818951,3825.67450684492,3532.4367118064497,0.0,0.0,0.0,GDI_TRX21_SS1,4570.929182,8875.466746654316,20804.507147305685,7358.111218651369,23147.169131682105,False,1.0,0.0,1.0,0.0,0.0,0.0,0.0,0.0,0.0,0.0,1.0,0.0,0.0,1.0,0.0,0.0,1.0,0.0,0.0,0.0,1.0,0.0,0.0,1.0,0.0,0.0,197.4277705129243,168.3389710393827,170.63779488178483,148.67746189552113,324.7945382712153,207.2221387580091,2.21559838622967,1.169336415512252,0.0,0.0
52,52,,1,1,ICE,,,,,,,,,0.0,0.0,207.3995063116232,207.3995063116232,0.0,7.5,0,13.8,207.3995063116232,165.0058994605472,0.0,157.5058994605472,0.0,0,143.7058994605472,32.413824,28.060588752264287,4.353235247735711,GDI_TRX21_SS1,470.302261,40.6,aluminum,2283.04032522339,87.6159060794973,0.0,0.0,1335,1.0,Compact:sedan:HEV:1.0:{'gasoline':1.0}:car:2.0:0.0:2019:2016.0:5.0:PS_DHE_TRXCV:steel:Toyota,2020,0.0,1560.203028029997,0.0,252.5350361933928,2583.04032522339,72.0,20.0,1.6281763510142275,15.147275179818951,3931.676304118603,3534.0645964094824,0.0,0.0,0.0,GDI_TRX21_SS1,4648.5415311,9334.304746654318,21448.587178282403,7465.740900528086,23421.92860285533,False,1.0,0.0,1.0,0.0,0.0,0.0,0.0,0.0,0.0,0.0,1.0,0.0,0.0,1.0,0.0,0.0,1.0,0.0,0.0,0.0,1.0,0.0,0.0,1.0,0.0,0.0,200.1276712695838,171.39854775441222,172.95382935485827,149.3925945260939,331.4992492702198,208.22214552523243,2.2914661124549265,1.199728369687527,0.0,0.0
53,53,,1,1,ICE,,,,,,,,,0.0,0.0,209.36902567358047,209.36902567358047,0.0,7.5,0,13.8,209.36902567358047,166.97964766814286,0.0,159.47964766814286,0.0,0,145.67964766814285,33.750659923200004,28.44599072227224,5.304669200927762,GDI_TRX21_SS1,486.2812740500001,42.63,aluminum,2352.99216076168,90.30043748478973,0.0,0.0,1335,1.0,Compact:sedan:HEV:1.0:{'gasoline':1.0}:car:2.0:0.0:2019:2016.0:5.0:PS_DHE_TRXCV:steel:Toyota,2020,52.36385000000003,1612.566878029997,0.0,254.1440086816829,2652.99216076168,72.0,20.0,1.6281763510142275,15.147275179818951,4041.864178282445,3535.774865073769,0.0,0.0,0.0,GDI_TRX21_SS1,4730.034497655,9816.084646654315,22123.75818766553,7577.639043356215,23709.83897286938,False,1.0,0.0,1.0,0.0,0.0,0.0,0.0,0.0,0.0,0.0,1.0,0.0,0.0,1.0,0.0,0.0,1.0,0.0,0.0,0.0,1.0,0.0,0.0,1.0,0.0,0.0,202.9972148241141,174.62506765283308,175.41575617702858,150.1823607138166,338.5765887628339,209.3421672934217,2.370409675269064,1.231760711820703,0.0,0.0
54,54,,1,1,ICE,,,,,,,,,0.0,0.0,212.05662635347824,212.05662635347824,0.0,5.0,0,13.8,212.05662635347824,173.82902582018102,0.0,168.82902582018102,0.0,0,155.029025820181,32.413824,30.271587697751823,2.1422363022481754,GDI_TRX22_SS0,700.1294666666668,38.66666666666666,steel,2467.266670808189,94.68593371492564,0.0,0.0,1335,1.0,Compact:sedan:HEV:1.0:{'gasoline':1.0}:car:2.0:0.0:2019:2016.0:5.0:PS_DHE_TRXCV:steel:Toyota,2020,-49.87033333333343,1510.3326946966636,0.0,256.8045094448587,2767.266670808189,72.0,20.0,1.6281763510142275,15.147275179818951,4219.349982948297,3371.1159894279126,0.0,0.0,0.0,GDI_TRX22_SS0,3825.2913,8875.466746654316,20291.224019030524,7590.46597237621,22695.5431506445,False,1.0,0.0,0.0,0.0,0.0,0.0,0.0,0.0,0.0,0.0,1.0,0.0,0.0,1.0,0.0,0.0,1.0,0.0,0.0,0.0,0.0,1.0,0.0,1.0,0.0,0.0,210.37540883403216,193.61201717754884,183.35458690920703,148.84770340328157,345.5354654479645,207.27173168705576,2.497734778363014,1.2843088680962904,0.0,0.0
55,55,,1,1,ICE,,,,,,,,,0.0,0.0,214.2174436649098,214.2174436649098,0.0,5.0,0,13.8,214.2174436649098,175.8786166112119,0.0,170.8786166112119,0.0,0,157.07861661121188,32.413824,30.67179899397168,1.7420250060283209,GDI_TRX22_SS0,723.5419400000001,40.6,steel,2542.244108770617,97.56333193256542,0.0,0.0,1335,1.0,Compact:sedan:HEV:1.0:{'gasoline':1.0}:car:2.0:0.0:2019:2016.0:5.0:PS_DHE_TRXCV:steel:Toyota,2020,0.0,1560.203028029997,0.0,258.49914074062,2842.244108770617,72.0,20.0,1.6281763510142275,15.147275179818951,4334.15427473499,3371.1159894279126,0.0,0.0,0.0,GDI_TRX22_SS0,3877.969365,9334.304746654318,20917.54437581722,7705.270264162903,22955.756341543547,False,1.0,0.0,0.0,0.0,0.0,0.0,0.0,0.0,0.0,0.0,1.0,0.0,0.0,1.0,0.0,0.0,1.0,0.0,0.0,0.0,0.0,1.0,0.0,1.0,0.0,0.0,213.4588551838437,196.7297161675677,186.0480385571553,149.74296905849138,353.0924024008553,208.6135386487155,2.580199038124665,1.3189303770257688,0.0,0.0
56,56,,1,1,ICE,,,,,,,,,0.0,0.0,216.52884146321117,216.52884146321117,0.0,5.0,0,13.8,216.52884146321117,178.06156567348864,0.0,173.06156567348864,0.0,0,159.26156567348863,33.750659923200004,31.098050359668083,2.6526095635319216,GDI_TRX22_SS0,748.1250370000001,42.63,steel,2621.0025980153587,100.58583500462797,0.0,0.0,1335,1.0,Compact:sedan:HEV:1.0:{'gasoline':1.0}:car:2.0:0.0:2019:2016.0:5.0:PS_DHE_TRXCV:steel:Toyota,2020,52.36385000000003,1612.566878029997,0.0,260.3106829853613,2921.0025980153587,72.0,20.0,1.6281763510142275,15.147275179818951,4453.3839739043815,3371.1159894279126,0.0,0.0,0.0,GDI_TRX22_SS0,3933.28133325,9816.084646654315,21573.86594323661,7824.499963332294,23228.07013597047,False,1.0,0.0,0.0,0.0,0.0,0.0,0.0,0.0,0.0,0.0,1.0,0.0,0.0,1.0,0.0,0.0,1.0,0.0,0.0,0.0,0.0,1.0,0.0,1.0,0.0,0.0,216.73937908975105,200.0355339092172,188.91091679077297,150.70867090079338,361.0786387125369,210.0671601352968,2.665926615910534,1.3554167807791395,0.0,0.0
57,57,,1,1,ICE,,,,,,,,,0.0,0.0,205.1941363775876,205.1941363775876,0.0,5.0,0,13.8,205.1941363775876,167.2225707197636,0.0,162.2225707197636,0.0,0,148.4225707197636,32.413824,28.98158484902392,3.432239150976077,GDI_TRX22_SS0,455.0841533333334,38.66666666666666,aluminum,2216.458086768967,85.06068921077438,0.0,0.0,1335,1.0,Compact:sedan:HEV:1.0:{'gasoline':1.0}:car:2.0:0.0:2019:2016.0:5.0:PS_DHE_TRXCV:steel:Toyota,2020,-49.87033333333343,1510.3326946966636,0.0,251.04123873897024,2516.458086768967,72.0,20.0,1.6281763510142275,15.147275179818951,3825.67450684492,3371.1159894279126,0.0,0.0,0.0,GDI_TRX22_SS0,4570.929182,8875.466746654316,20643.186424927146,7196.790496272832,22982.21111112044,False,1.0,0.0,0.0,0.0,0.0,0.0,0.0,0.0,0.0,0.0,1.0,0.0,0.0,1.0,0.0,0.0,1.0,0.0,0.0,0.0,0.0,1.0,0.0,1.0,0.0,0.0,200.4153546762932,183.41676624489423,174.63362001745003,146.07290459775717,320.6836978219363,203.18039835506264,2.21559838622967,1.169336415512252,0.0,0.0
58,58,,1,1,ICE,,,,,,,,,0.0,0.0,206.9513191937993,206.9513191937993,0.0,5.0,0,13.8,206.9513191937993,168.9335779025239,0.0,163.9335779025239,0.0,0,150.13357790252388,32.413824,29.315682955558422,3.098141044441576,GDI_TRX22_SS0,470.302261,40.6,aluminum,2283.04032522339,87.6159060794973,0.0,0.0,1335,1.0,Compact:sedan:HEV:1.0:{'gasoline':1.0}:car:2.0:0.0:2019:2016.0:5.0:PS_DHE_TRXCV:steel:Toyota,2020,0.0,1560.203028029997,0.0,252.5350361933928,2583.04032522339,72.0,20.0,1.6281763510142275,15.147275179818951,3931.676304118603,3371.1159894279126,0.0,0.0,0.0,GDI_TRX22_SS0,4648.5415311,9334.304746654318,21285.638571300835,7302.792293546516,23254.71563564798,False,1.0,0.0,0.0,0.0,0.0,0.0,0.0,0.0,0.0,0.0,1.0,0.0,0.0,1.0,0.0,0.0,1.0,0.0,0.0,0.0,0.0,1.0,0.0,1.0,0.0,0.0,202.9978556665131,186.08545485880376,176.89830762542678,146.77091034122608,327.2053852263836,204.1955153782808,2.2914661124549265,1.199728369687527,0.0,0.0
59,59,,1,1,ICE,,,,,,,,,0.0,0.0,208.8513991984957,208.8513991984957,0.0,5.0,0,13.8,208.8513991984957,170.7665092997401,0.0,165.7665092997401,0.0,0,151.9665092997401,33.750659923200004,29.67358847190445,4.077071451295556,GDI_TRX22_SS0,486.2812740500001,42.63,aluminum,2352.99216076168,90.30043748478973,0.0,0.0,1335,1.0,Compact:sedan:HEV:1.0:{'gasoline':1.0}:car:2.0:0.0:2019:2016.0:5.0:PS_DHE_TRXCV:steel:Toyota,2020,52.36385000000003,1612.566878029997,0.0,254.1440086816829,2652.99216076168,72.0,20.0,1.6281763510142275,15.147275179818951,4041.864178282445,3371.1159894279126,0.0,0.0,0.0,GDI_TRX22_SS0,4730.034497655,9816.084646654315,21959.099312019676,7412.980167710358,23540.25504323517,False,1.0,0.0,0.0,0.0,0.0,0.0,0.0,0.0,0.0,0.0,1.0,0.0,0.0,1.0,0.0,0.0,1.0,0.0,0.0,0.0,0.0,1.0,0.0,1.0,0.0,0.0,205.7621726591949,188.919678070472,179.31957978953184,147.5364196834504,334.1204576867398,205.3216063395376,2.370409675269064,1.231760711820703,0.0,0.0
60,60,,1,1,ICE,,,,,,,,,0.0,0.0,209.8917631974011,209.8917631974011,0.0,7.5,0,13.8,209.8917631974011,169.08215963543535,0.0,161.58215963543535,0.0,0,147.7821596354353,32.413824,28.85653561905365,3.55728838094635,GDI_TRX22_SS1,700.1294666666668,38.66666666666666,steel,2467.266670808189,94.68593371492564,0.0,0.0,1335,1.0,Compact:sedan:HEV:1.0:{'gasoline':1.0}:car:2.0:0.0:2019:2016.0:5.0:PS_DHE_TRXCV:steel:Toyota,2020,-49.87033333333343,1510.3326946966636,0.0,256.8045094448587,2767.266670808189,72.0,20.0,1.6281763510142275,15.147275179818951,4219.349982948297,3885.6693982139823,0.0,0.0,0.0,GDI_TRX22_SS1,3825.2913,8875.466746654316,20805.7774278166,8105.019381162279,23189.498563705358,False,1.0,0.0,1.0,0.0,0.0,0.0,0.0,0.0,0.0,0.0,1.0,0.0,0.0,1.0,0.0,0.0,1.0,0.0,0.0,0.0,0.0,1.0,0.0,1.0,0.0,0.0,203.9364337020934,183.37949752367777,176.289294261955,148.78096243094814,346.31901261601286,207.4264482389005,2.497734778363014,1.2843088680962904,0.0,0.0
61,61,,1,1,ICE,,,,,,,,,0.0,0.0,212.0149033754324,212.0149033754324,0.0,7.5,0,13.8,212.0149033754324,171.06894896893658,0.0,163.56894896893658,0.0,0,149.76894896893657,32.413824,29.24448405147043,3.169339948529569,GDI_TRX22_SS1,723.5419400000001,40.6,steel,2542.244108770617,97.56333193256542,0.0,0.0,1335,1.0,Compact:sedan:HEV:1.0:{'gasoline':1.0}:car:2.0:0.0:2019:2016.0:5.0:PS_DHE_TRXCV:steel:Toyota,2020,0.0,1560.203028029997,0.0,258.49914074062,2842.244108770617,72.0,20.0,1.6281763510142275,15.147275179818951,4334.15427473499,3887.5025389984794,0.0,0.0,0.0,GDI_TRX22_SS1,3877.969365,9334.304746654318,21433.930925387787,8221.656813733469,23451.186409250626,False,1.0,0.0,1.0,0.0,0.0,0.0,0.0,0.0,0.0,0.0,1.0,0.0,0.0,1.0,0.0,0.0,1.0,0.0,0.0,0.0,0.0,1.0,0.0,1.0,0.0,0.0,206.9326295738906,186.35457200186696,178.90213864392035,149.67613496396953,353.7627270874537,208.76814393245928,2.580199038124665,1.3189303770257688,0.0,0.0
62,62,,1,1,ICE,,,,,,,,,0.0,0.0,214.2856244452805,214.2856244452805,0.0,7.5,0,13.8,214.2856244452805,173.1855107429078,0.0,165.6855107429078,0.0,0,151.8855107429078,33.750659923200004,29.657772369703142,4.092887553496858,GDI_TRX22_SS1,748.1250370000001,42.63,steel,2621.0025980153587,100.58583500462797,0.0,0.0,1335,1.0,Compact:sedan:HEV:1.0:{'gasoline':1.0}:car:2.0:0.0:2019:2016.0:5.0:PS_DHE_TRXCV:steel:Toyota,2020,52.36385000000003,1612.566878029997,0.0,260.3106829853613,2921.0025980153587,72.0,20.0,1.6281763510142275,15.147275179818951,4453.3839739043815,3889.4281235834337,0.0,0.0,0.0,GDI_TRX22_SS1,3933.28133325,9816.084646654315,22092.17807739213,8342.812097487815,23725.038761915617,False,1.0,0.0,1.0,0.0,0.0,0.0,0.0,0.0,0.0,0.0,1.0,0.0,0.0,1.0,0.0,0.0,1.0,0.0,0.0,0.0,0.0,1.0,0.0,1.0,0.0,0.0,210.12143306829515,189.50997441189492,181.6794263670664,150.6415132300372,361.6291916649254,210.2203149981713,2.665926615910534,1.3554167807791395,0.0,0.0
63,63,,1,1,ICE,,,,,,,,,0.0,0.0,203.1456695675272,203.1456695675272,0.0,7.5,0,13.8,203.1456695675272,162.6823124429149,0.0,155.1823124429149,0.0,0,141.38231244291492,32.413824,27.60687585685334,4.806948143146659,GDI_TRX22_SS1,455.0841533333334,38.66666666666666,aluminum,2216.458086768967,85.06068921077438,0.0,0.0,1335,1.0,Compact:sedan:HEV:1.0:{'gasoline':1.0}:car:2.0:0.0:2019:2016.0:5.0:PS_DHE_TRXCV:steel:Toyota,2020,-49.87033333333343,1510.3326946966636,0.0,251.04123873897024,2516.458086768967,72.0,20.0,1.6281763510142275,15.147275179818951,3825.67450684492,3879.537320925151,0.0,0.0,0.0,GDI_TRX22_SS1,4570.929182,8875.466746654316,21151.607756424382,7705.21182777007,23471.14192171412,False,1.0,0.0,1.0,0.0,0.0,0.0,0.0,0.0,0.0,0.0,1.0,0.0,0.0,1.0,0.0,0.0,1.0,0.0,0.0,0.0,0.0,1.0,0.0,1.0,0.0,0.0,194.2673759774421,173.65619792827846,167.83060041822748,146.00471380059182,321.8318182592119,203.32433277278383,2.21559838622967,1.169336415512252,0.0,0.0
64,64,,1,1,ICE,,,,,,,,,0.0,0.0,204.87364599938428,204.87364599938428,0.0,7.5,0,13.8,204.87364599938428,164.33906331357014,0.0,156.83906331357014,0.0,0,143.03906331357013,32.413824,27.930379658860957,4.4834443411390446,GDI_TRX22_SS1,470.302261,40.6,aluminum,2283.04032522339,87.6159060794973,0.0,0.0,1335,1.0,Compact:sedan:HEV:1.0:{'gasoline':1.0}:car:2.0:0.0:2019:2016.0:5.0:PS_DHE_TRXCV:steel:Toyota,2020,0.0,1560.203028029997,0.0,252.5350361933928,2583.04032522339,72.0,20.0,1.6281763510142275,15.147275179818951,3931.676304118603,3881.165205528184,0.0,0.0,0.0,GDI_TRX22_SS1,4648.5415311,9334.304746654318,21795.687787401104,7812.841509646787,23744.99644123379,False,1.0,0.0,1.0,0.0,0.0,0.0,0.0,0.0,0.0,0.0,1.0,0.0,0.0,1.0,0.0,0.0,1.0,0.0,0.0,0.0,0.0,1.0,0.0,1.0,0.0,0.0,196.77280244666417,176.20049376387502,170.0268949312556,146.70339384593956,328.2598483828106,204.344221331469,2.2914661124549265,1.199728369687527,0.0,0.0
65,65,,1,1,ICE,,,,,,,,,0.0,0.0,206.74163127371452,206.74163127371452,0.0,7.5,0,13.8,206.74163127371452,166.11450539811833,0.0,158.61450539811833,0.0,0,144.8145053981183,33.750659923200004,28.27705958205817,5.473600341141832,GDI_TRX22_SS1,486.2812740500001,42.63,aluminum,2352.99216076168,90.30043748478973,0.0,0.0,1335,1.0,Compact:sedan:HEV:1.0:{'gasoline':1.0}:car:2.0:0.0:2019:2016.0:5.0:PS_DHE_TRXCV:steel:Toyota,2020,52.36385000000003,1612.566878029997,0.0,254.1440086816829,2652.99216076168,72.0,20.0,1.6281763510142275,15.147275179818951,4041.864178282445,3882.8754741924704,0.0,0.0,0.0,GDI_TRX22_SS1,4730.034497655,9816.084646654315,22470.858796784232,7924.739652474916,24031.940746165605,False,1.0,0.0,1.0,0.0,0.0,0.0,0.0,0.0,0.0,0.0,1.0,0.0,0.0,1.0,0.0,0.0,1.0,0.0,0.0,0.0,0.0,1.0,0.0,1.0,0.0,0.0,199.4559892860327,178.90328471352746,172.37530664079978,147.46937724793517,335.0737070447662,205.47375236417335,2.370409675269064,1.231760711820703,0.0,0.0
66,66,,1,1,ICE,,,,,,,,,0.0,0.0,222.80203025409796,222.80203025409796,0.0,5.0,0,13.8,222.80203025409796,181.58079309096297,0.0,176.58079309096297,0.0,0,162.78079309096296,32.413824,31.78522878211379,0.6285952178862075,GDI_DEAC_C_TRX10_SS0,700.1294666666668,38.66666666666666,steel,2467.266670808189,94.68593371492564,0.0,0.0,1335,1.0,Compact:sedan:HEV:1.0:{'gasoline':1.0}:car:2.0:0.0:2019:2016.0:5.0:PS_DHE_TRXCV:steel:Toyota,2020,-49.87033333333343,1510.3326946966636,0.0,256.8045094448587,2767.266670808189,72.0,20.0,1.6281763510142275,15.147275179818951,4464.80672768834,2746.957495003702,0.0,0.0,0.0,GDI_DEAC_C_TRX10_SS0,3825.2913,8875.466746654316,19912.52226934636,7211.764222692042,22419.08055773537,False,1.0,0.0,0.0,0.0,0.0,0.0,0.0,1.0,0.0,0.0,1.0,0.0,0.0,1.0,0.0,0.0,1.0,1.0,0.0,0.0,0.0,0.0,0.0,1.0,0.0,0.0,221.3593726537091,202.35620416130035,192.5437618186495,154.66969401589594,367.7299034033428,217.56196340791016,2.497734778363014,1.2843088680962904,0.0,0.0
67,67,,1,1,ICE,,,,,,,,,0.0,0.0,224.6914570155053,224.6914570155053,0.0,5.0,0,13.8,224.6914570155053,183.57095191867944,0.0,178.57095191867944,0.0,0,164.77095191867943,32.413824,32.17383515544902,0.2399888445509788,GDI_DEAC_C_TRX10_SS0,723.5419400000001,40.6,steel,2542.244108770617,97.56333193256542,0.0,0.0,1335,1.0,Compact:sedan:HEV:1.0:{'gasoline':1.0}:car:2.0:0.0:2019:2016.0:5.0:PS_DHE_TRXCV:steel:Toyota,2020,0.0,1560.203028029997,0.0,258.49914074062,2842.244108770617,72.0,20.0,1.6281763510142275,15.147275179818951,4579.611019475034,2746.957495003702,0.0,0.0,0.0,GDI_DEAC_C_TRX10_SS0,3877.969365,9334.304746654318,20538.842626133053,7326.568514478736,22676.711552446377,False,1.0,0.0,0.0,0.0,0.0,0.0,0.0,1.0,0.0,0.0,1.0,0.0,0.0,1.0,0.0,0.0,1.0,1.0,0.0,0.0,0.0,0.0,0.0,1.0,0.0,0.0,224.34224852822177,205.6497809469465,195.05392442020255,155.40856729291298,374.63788483455824,218.54880615205693,2.580199038124665,1.3189303770257688,0.0,0.0
68,68,,1,1,ICE,,,,,,,,,0.0,0.0,226.74909597839095,226.74909597839095,0.0,5.0,0,13.8,226.74909597839095,185.68945130901625,0.0,180.68945130901625,0.0,0,166.88945130901624,33.750659923200004,32.587501820403745,1.1631581027962596,GDI_DEAC_C_TRX10_SS0,748.1250370000001,42.63,steel,2621.0025980153587,100.58583500462797,0.0,0.0,1335,1.0,Compact:sedan:HEV:1.0:{'gasoline':1.0}:car:2.0:0.0:2019:2016.0:5.0:PS_DHE_TRXCV:steel:Toyota,2020,52.36385000000003,1612.566878029997,0.0,260.3106829853613,2921.0025980153587,72.0,20.0,1.6281763510142275,15.147275179818951,4698.840718644425,2746.957495003702,0.0,0.0,0.0,GDI_DEAC_C_TRX10_SS0,3933.28133325,9816.084646654315,21195.16419355245,7445.798213648127,22946.61091093426,False,1.0,0.0,0.0,0.0,0.0,0.0,0.0,1.0,0.0,0.0,1.0,0.0,0.0,1.0,0.0,0.0,1.0,1.0,0.0,0.0,0.0,0.0,0.0,1.0,0.0,0.0,227.5190692624891,209.12783768132107,197.7281688307773,156.21161838038302,381.9457539712415,219.67802628723533,2.665926615910534,1.3554167807791395,0.0,0.0
69,69,,1,1,ICE,,,,,,,,,0.0,0.0,217.13233385770707,217.13233385770707,0.0,5.0,0,13.8,217.13233385770707,175.17282313025683,0.0,170.17282313025683,0.0,0,156.37282313025682,32.413824,30.533982935706465,1.879841064293533,GDI_DEAC_C_TRX10_SS0,455.0841533333334,38.66666666666666,aluminum,2216.458086768967,85.06068921077438,0.0,0.0,1335,1.0,Compact:sedan:HEV:1.0:{'gasoline':1.0}:car:2.0:0.0:2019:2016.0:5.0:PS_DHE_TRXCV:steel:Toyota,2020,-49.87033333333343,1510.3326946966636,0.0,251.04123873897024,2516.458086768967,72.0,20.0,1.6281763510142275,15.147275179818951,4071.1312515849622,2746.957495003702,0.0,0.0,0.0,GDI_DEAC_C_TRX10_SS0,4570.929182,8875.466746654316,20264.48467524298,6818.088746588664,22717.09757599477,False,1.0,0.0,0.0,0.0,0.0,0.0,0.0,1.0,0.0,0.0,1.0,0.0,0.0,1.0,0.0,0.0,1.0,1.0,0.0,0.0,0.0,0.0,0.0,1.0,0.0,0.0,211.76289490933692,191.4956850936287,184.476169513514,152.4456431584718,345.0522334898636,215.09238348753968,2.21559838622967,1.169336415512252,0.0,0.0
70,70,,1,1,ICE,,,,,,,,,0.0,0.0,218.52159484685612,218.52159484685612,0.0,5.0,0,13.8,218.52159484685612,176.82957226018064,0.0,171.82957226018064,0.0,0,158.02957226018063,32.413824,30.85748639781191,1.556337602188087,GDI_DEAC_C_TRX10_SS0,470.302261,40.6,aluminum,2283.04032522339,87.6159060794973,0.0,0.0,1335,1.0,Compact:sedan:HEV:1.0:{'gasoline':1.0}:car:2.0:0.0:2019:2016.0:5.0:PS_DHE_TRXCV:steel:Toyota,2020,0.0,1560.203028029997,0.0,252.5350361933928,2583.04032522339,72.0,20.0,1.6281763510142275,15.147275179818951,4177.133048858646,2746.957495003702,0.0,0.0,0.0,GDI_DEAC_C_TRX10_SS0,4648.5415311,9334.304746654318,20906.936821616662,6924.090543862349,22986.101439429814,False,1.0,0.0,0.0,0.0,0.0,0.0,0.0,1.0,0.0,0.0,1.0,0.0,0.0,1.0,0.0,0.0,1.0,1.0,0.0,0.0,0.0,0.0,0.0,1.0,0.0,0.0,214.2431645607596,194.35153459614529,186.55976366464756,152.99129428926256,350.99848130643863,215.5994166310856,2.2914661124549265,1.199728369687527,0.0,0.0
71,71,,1,1,ICE,,,,,,,,,0.0,0.0,220.0782772400965,220.0782772400965,0.0,5.0,0,13.8,220.0782772400965,178.60734715333402,0.0,173.60734715333402,0.0,0,159.807347153334,33.750659923200004,31.20462183454861,2.546038088651393,GDI_DEAC_C_TRX10_SS0,486.2812740500001,42.63,aluminum,2352.99216076168,90.30043748478973,0.0,0.0,1335,1.0,Compact:sedan:HEV:1.0:{'gasoline':1.0}:car:2.0:0.0:2019:2016.0:5.0:PS_DHE_TRXCV:steel:Toyota,2020,52.36385000000003,1612.566878029997,0.0,254.1440086816829,2652.99216076168,72.0,20.0,1.6281763510142275,15.147275179818951,4287.320923022488,2746.957495003702,0.0,0.0,0.0,GDI_DEAC_C_TRX10_SS0,4730.034497655,9816.084646654315,21580.397562335507,7034.278418026191,23268.373526164447,False,1.0,0.0,0.0,0.0,0.0,0.0,0.0,1.0,0.0,0.0,1.0,0.0,0.0,1.0,0.0,0.0,1.0,1.0,0.0,0.0,0.0,0.0,0.0,1.0,0.0,0.0,216.90514783452508,197.37457939778545,188.79733309861203,153.602303215691,357.3068147682102,216.25678074357776,2.370409675269064,1.231760711820703,0.0,0.0
72,72,,1,1,ICE,,,,,,,,,0.0,0.0,219.81147475559925,219.81147475559925,0.0,7.5,0,13.8,219.81147475559925,175.44422813460983,0.0,167.94422813460983,0.0,0,154.14422813460982,32.413824,30.098818562476453,2.3150054375235456,GDI_DEAC_C_TRX10_SS1,700.1294666666668,38.66666666666666,steel,2467.266670808189,94.68593371492564,0.0,0.0,1335,1.0,Compact:sedan:HEV:1.0:{'gasoline':1.0}:car:2.0:0.0:2019:2016.0:5.0:PS_DHE_TRXCV:steel:Toyota,2020,-49.87033333333343,1510.3326946966636,0.0,256.8045094448587,2767.266670808189,72.0,20.0,1.6281763510142275,15.147275179818951,4464.80672768834,3261.510903789772,0.0,0.0,0.0,GDI_DEAC_C_TRX10_SS1,3825.2913,8875.466746654316,20427.07567813243,7726.317631478112,22905.17976644826,False,1.0,0.0,1.0,0.0,0.0,0.0,0.0,1.0,0.0,0.0,1.0,0.0,0.0,1.0,0.0,0.0,1.0,1.0,0.0,0.0,0.0,0.0,0.0,1.0,0.0,0.0,213.2384873296249,188.98489310773493,183.67371235441075,154.53399756909468,367.5733837916409,217.56398523407265,2.497734778363014,1.2843088680962904,0.0,0.0
73,73,,1,1,ICE,,,,,,,,,0.0,0.0,221.647693611072,221.647693611072,0.0,7.5,0,13.8,221.647693611072,177.33350255807426,0.0,169.83350255807426,0.0,0,156.03350255807425,32.413824,30.46772584349981,1.946098156500188,GDI_DEAC_C_TRX10_SS1,723.5419400000001,40.6,steel,2542.244108770617,97.56333193256542,0.0,0.0,1335,1.0,Compact:sedan:HEV:1.0:{'gasoline':1.0}:car:2.0:0.0:2019:2016.0:5.0:PS_DHE_TRXCV:steel:Toyota,2020,0.0,1560.203028029997,0.0,258.49914074062,2842.244108770617,72.0,20.0,1.6281763510142275,15.147275179818951,4579.611019475034,3263.344044574268,0.0,0.0,0.0,GDI_DEAC_C_TRX10_SS1,3877.969365,9334.304746654318,21055.22917570362,7842.955064049302,23164.13764536309,False,1.0,0.0,1.0,0.0,0.0,0.0,0.0,1.0,0.0,0.0,1.0,0.0,0.0,1.0,0.0,0.0,1.0,1.0,0.0,0.0,0.0,0.0,0.0,1.0,0.0,0.0,216.092518920291,192.0562978361496,186.03624527851412,155.2715531328339,374.4192903737086,218.5504556817272,2.580199038124665,1.3189303770257688,0.0,0.0
74,74,,1,1,ICE,,,,,,,,,0.0,0.0,223.64969482903675,223.64969482903675,0.0,7.5,0,13.8,223.64969482903675,179.34619405401176,0.0,171.84619405401176,0.0,0,158.04619405401175,33.750659923200004,30.86073203576255,2.889927887437455,GDI_DEAC_C_TRX10_SS1,748.1250370000001,42.63,steel,2621.0025980153587,100.58583500462797,0.0,0.0,1335,1.0,Compact:sedan:HEV:1.0:{'gasoline':1.0}:car:2.0:0.0:2019:2016.0:5.0:PS_DHE_TRXCV:steel:Toyota,2020,52.36385000000003,1612.566878029997,0.0,260.3106829853613,2921.0025980153587,72.0,20.0,1.6281763510142275,15.147275179818951,4698.840718644425,3265.2696291592238,0.0,0.0,0.0,GDI_DEAC_C_TRX10_SS1,3933.28133325,9816.084646654315,21713.47632770796,7964.110347803647,23435.43321269741,False,1.0,0.0,1.0,0.0,0.0,0.0,0.0,1.0,0.0,0.0,1.0,0.0,0.0,1.0,0.0,0.0,1.0,1.0,0.0,0.0,0.0,0.0,0.0,1.0,0.0,0.0,219.1339722495135,195.30101843212373,188.55638410979665,156.07324043229625,381.6648469850666,219.67929042986117,2.665926615910534,1.3554167807791395,0.0,0.0
75,75,,1,1,ICE,,,,,,,,,0.0,0.0,214.32174137640317,214.32174137640317,0.0,7.5,0,13.8,214.32174137640317,169.3752363248572,0.0,161.8752363248572,0.0,0,148.0752363248572,32.413824,28.91376294573692,3.5000610542630817,GDI_DEAC_C_TRX10_SS1,455.0841533333334,38.66666666666666,aluminum,2216.458086768967,85.06068921077438,0.0,0.0,1335,1.0,Compact:sedan:HEV:1.0:{'gasoline':1.0}:car:2.0:0.0:2019:2016.0:5.0:PS_DHE_TRXCV:steel:Toyota,2020,-49.87033333333343,1510.3326946966636,0.0,251.04123873897024,2516.458086768967,72.0,20.0,1.6281763510142275,15.147275179818951,4071.1312515849622,3255.37882650094,0.0,0.0,0.0,GDI_DEAC_C_TRX10_SS1,4570.929182,8875.466746654316,20772.906006740217,7326.510078085903,23198.776999232028,False,1.0,0.0,1.0,0.0,0.0,0.0,0.0,1.0,0.0,0.0,1.0,0.0,0.0,1.0,0.0,0.0,1.0,1.0,0.0,0.0,0.0,0.0,0.0,1.0,0.0,0.0,204.07302661119436,178.8680146284515,176.1083536440757,152.31459786711508,345.1252180372834,215.0956184394421,2.21559838622967,1.169336415512252,0.0,0.0
76,76,,1,1,ICE,,,,,,,,,0.0,0.0,215.6629015636843,215.6629015636843,0.0,7.5,0,13.8,215.6629015636843,170.94172373035974,0.0,163.44172373035974,0.0,0,149.64172373035973,32.413824,29.21964154248496,3.194182457515037,GDI_DEAC_C_TRX10_SS1,470.302261,40.6,aluminum,2283.04032522339,87.6159060794973,0.0,0.0,1335,1.0,Compact:sedan:HEV:1.0:{'gasoline':1.0}:car:2.0:0.0:2019:2016.0:5.0:PS_DHE_TRXCV:steel:Toyota,2020,0.0,1560.203028029997,0.0,252.5350361933928,2583.04032522339,72.0,20.0,1.6281763510142275,15.147275179818951,4177.133048858646,3257.006711103973,0.0,0.0,0.0,GDI_DEAC_C_TRX10_SS1,4648.5415311,9334.304746654318,21416.98603771694,7434.13975996262,23468.95108318706,False,1.0,0.0,1.0,0.0,0.0,0.0,0.0,1.0,0.0,0.0,1.0,0.0,0.0,1.0,0.0,0.0,1.0,1.0,0.0,0.0,0.0,0.0,0.0,1.0,0.0,0.0,206.4388481573469,181.52635967626173,178.0571480074825,152.85896509031903,351.00700826618527,215.6023431167405,2.2914661124549265,1.199728369687527,0.0,0.0
77,77,,1,1,ICE,,,,,,,,,0.0,0.0,217.16931351799064,217.16931351799064,0.0,7.5,0,13.8,217.16931351799064,172.62489940746525,0.0,165.12489940746525,0.0,0,151.32489940746524,33.750659923200004,29.548305157899293,4.202354765300711,GDI_DEAC_C_TRX10_SS1,486.2812740500001,42.63,aluminum,2352.99216076168,90.30043748478973,0.0,0.0,1335,1.0,Compact:sedan:HEV:1.0:{'gasoline':1.0}:car:2.0:0.0:2019:2016.0:5.0:PS_DHE_TRXCV:steel:Toyota,2020,52.36385000000003,1612.566878029997,0.0,254.1440086816829,2652.99216076168,72.0,20.0,1.6281763510142275,15.147275179818951,4287.320923022488,3258.71697976826,0.0,0.0,0.0,GDI_DEAC_C_TRX10_SS1,4730.034497655,9816.084646654315,22092.157047100067,7546.037902790748,23752.455131084946,False,1.0,0.0,1.0,0.0,0.0,0.0,0.0,1.0,0.0,0.0,1.0,0.0,0.0,1.0,0.0,0.0,1.0,1.0,0.0,0.0,0.0,0.0,0.0,1.0,0.0,0.0,208.98062056525296,184.34198372124604,180.1543213502391,153.46866830123318,357.250462553889,216.2593691430141,2.370409675269064,1.231760711820703,0.0,0.0
78,78,,1,1,ICE,,,,,,,,,0.0,0.0,229.5325400119108,229.5325400119108,0.0,5.0,0,13.8,229.5325400119108,184.03369812914093,0.0,179.03369812914093,0.0,0,165.23369812914092,32.413824,32.26419283148857,0.1496311685114264,GDI_DEAC_C_TRX11_SS0,700.1294666666668,38.66666666666666,steel,2467.266670808189,94.68593371492564,0.0,0.0,1335,1.0,Compact:sedan:HEV:1.0:{'gasoline':1.0}:car:2.0:0.0:2019:2016.0:5.0:PS_DHE_TRXCV:steel:Toyota,2020,-49.87033333333343,1510.3326946966636,0.0,256.8045094448587,2767.266670808189,72.0,20.0,1.6281763510142275,15.147275179818951,4464.80672768834,2810.774198922387,0.0,0.0,0.0,GDI_DEAC_C_TRX11_SS0,3825.2913,8875.466746654316,19976.338973265043,7275.580926610727,22546.935956585323,False,1.0,0.0,0.0,0.0,0.0,0.0,0.0,1.0,0.0,0.0,1.0,0.0,0.0,1.0,0.0,0.0,1.0,0.0,1.0,0.0,0.0,0.0,0.0,1.0,0.0,0.0,223.76429941265775,204.2666187123077,194.41446470916887,157.67370604293347,370.2188662973548,226.57783231502464,2.497734778363014,1.2843088680962904,0.0,0.0
79,79,,1,1,ICE,,,,,,,,,0.0,0.0,231.46800244902693,231.46800244902693,0.0,5.0,0,13.8,231.46800244902693,186.20200688307816,0.0,181.20200688307816,0.0,0,167.40200688307817,32.413824,32.687585472017375,-0.2737614720173766,GDI_DEAC_C_TRX11_SS0,723.5419400000001,40.6,steel,2542.244108770617,97.56333193256542,0.0,0.0,1335,1.0,Compact:sedan:HEV:1.0:{'gasoline':1.0}:car:2.0:0.0:2019:2016.0:5.0:PS_DHE_TRXCV:steel:Toyota,2020,0.0,1560.203028029997,0.0,258.49914074062,2842.244108770617,72.0,20.0,1.6281763510142275,15.147275179818951,4579.611019475034,2810.774198922387,0.0,0.0,0.0,GDI_DEAC_C_TRX11_SS0,3877.969365,9334.304746654318,20602.659330051734,7390.38521839742,22805.00496634997,False,1.0,0.0,0.0,0.0,0.0,0.0,0.0,1.0,0.0,0.0,1.0,0.0,0.0,1.0,0.0,0.0,1.0,0.0,1.0,0.0,0.0,0.0,0.0,1.0,0.0,0.0,227.0268433827248,207.63031722915363,197.15959152842737,158.61432585966233,377.06332378591753,227.57506213174327,2.580199038124665,1.3189303770257688,0.0,0.0
80,80,,1,1,ICE,,,,,,,,,0.0,0.0,233.5614677294752,233.5614677294752,0.0,5.0,0,13.8,233.5614677294752,188.4985462257005,0.0,183.4985462257005,0.0,0,169.69854622570043,33.750659923200004,33.13601693021517,0.6146429929848338,GDI_DEAC_C_TRX11_SS0,748.1250370000001,42.63,steel,2621.0025980153587,100.58583500462797,0.0,0.0,1335,1.0,Compact:sedan:HEV:1.0:{'gasoline':1.0}:car:2.0:0.0:2019:2016.0:5.0:PS_DHE_TRXCV:steel:Toyota,2020,52.36385000000003,1612.566878029997,0.0,260.3106829853613,2921.0025980153587,72.0,20.0,1.6281763510142275,15.147275179818951,4698.840718644425,2810.774198922387,0.0,0.0,0.0,GDI_DEAC_C_TRX11_SS0,3933.28133325,9816.084646654315,21258.980897471127,7509.6149175668115,23075.2452010424,False,1.0,0.0,0.0,0.0,0.0,0.0,0.0,1.0,0.0,0.0,1.0,0.0,0.0,1.0,0.0,0.0,1.0,0.0,1.0,0.0,0.0,0.0,0.0,1.0,0.0,0.0,230.48727626834648,211.1777926149576,200.07273254560224,159.6170045823802,384.3175821823002,228.6979256852524,2.665926615910534,1.3554167807791395,0.0,0.0
81,81,,1,1,ICE,,,,,,,,,0.0,0.0,223.5979744179603,223.5979744179603,0.0,5.0,0,13.8,223.5979744179603,176.94888247388383,0.0,171.94888247388383,0.0,0,158.14888247388382,32.413824,30.88078338738045,1.5330406126195475,GDI_DEAC_C_TRX11_SS0,455.0841533333334,38.66666666666666,aluminum,2216.458086768967,85.06068921077438,0.0,0.0,1335,1.0,Compact:sedan:HEV:1.0:{'gasoline':1.0}:car:2.0:0.0:2019:2016.0:5.0:PS_DHE_TRXCV:steel:Toyota,2020,-49.87033333333343,1510.3326946966636,0.0,251.04123873897024,2516.458086768967,72.0,20.0,1.6281763510142275,15.147275179818951,4071.1312515849622,2810.774198922387,0.0,0.0,0.0,GDI_DEAC_C_TRX11_SS0,4570.929182,8875.466746654316,20328.301379161665,6881.905450507349,22842.432827285385,False,1.0,0.0,0.0,0.0,0.0,0.0,0.0,1.0,0.0,0.0,1.0,0.0,0.0,1.0,0.0,0.0,1.0,0.0,1.0,0.0,0.0,0.0,0.0,1.0,0.0,0.0,213.1415167988581,193.13115337720316,185.48962326400712,154.6674757396657,347.8588705345512,223.9225053912041,2.21559838622967,1.169336415512252,0.0,0.0
82,82,,1,1,ICE,,,,,,,,,0.0,0.0,225.077167620627,225.077167620627,0.0,5.0,0,13.8,225.077167620627,178.79971432660875,0.0,173.79971432660875,0.0,0,159.99971432660874,32.413824,31.24218421827093,1.1716397817290698,GDI_DEAC_C_TRX11_SS0,470.302261,40.6,aluminum,2283.04032522339,87.6159060794973,0.0,0.0,1335,1.0,Compact:sedan:HEV:1.0:{'gasoline':1.0}:car:2.0:0.0:2019:2016.0:5.0:PS_DHE_TRXCV:steel:Toyota,2020,0.0,1560.203028029997,0.0,252.5350361933928,2583.04032522339,72.0,20.0,1.6281763510142275,15.147275179818951,4177.133048858646,2810.774198922387,0.0,0.0,0.0,GDI_DEAC_C_TRX11_SS0,4648.5415311,9334.304746654318,20970.75352553535,6987.907247781033,23112.292367599774,False,1.0,0.0,0.0,0.0,0.0,0.0,0.0,1.0,0.0,0.0,1.0,0.0,0.0,1.0,0.0,0.0,1.0,0.0,1.0,0.0,0.0,0.0,0.0,1.0,0.0,0.0,215.9104688057716,196.06741232961417,187.8135838822417,155.43966889881895,353.70328183060224,224.5053752888931,2.2914661124549265,1.199728369687527,0.0,0.0
83,83,,1,1,ICE,,,,,,,,,0.0,0.0,226.7119426964291,226.7119426964291,0.0,5.0,0,13.8,226.7119426964291,180.7693264127009,0.0,175.7693264127009,0.0,0,161.9693264127009,33.750659923200004,31.62677855264963,2.123881370550375,GDI_DEAC_C_TRX11_SS0,486.2812740500001,42.63,aluminum,2352.99216076168,90.30043748478973,0.0,0.0,1335,1.0,Compact:sedan:HEV:1.0:{'gasoline':1.0}:car:2.0:0.0:2019:2016.0:5.0:PS_DHE_TRXCV:steel:Toyota,2020,52.36385000000003,1612.566878029997,0.0,254.1440086816829,2652.99216076168,72.0,20.0,1.6281763510142275,15.147275179818951,4287.320923022488,2810.774198922387,0.0,0.0,0.0,GDI_DEAC_C_TRX11_SS0,4730.034497655,9816.084646654315,21644.2142662542,7098.095121944875,23395.307481780303,False,1.0,0.0,0.0,0.0,0.0,0.0,0.0,1.0,0.0,0.0,1.0,0.0,0.0,1.0,0.0,0.0,1.0,0.0,1.0,0.0,0.0,0.0,0.0,1.0,0.0,0.0,218.8621134677446,199.16864392120863,190.29292216182665,156.27291800571896,359.9188638499538,225.2203185407141,2.370409675269064,1.231760711820703,0.0,0.0
84,84,,1,1,ICE,,,,,,,,,0.0,0.0,226.43988054506303,226.43988054506303,0.0,7.5,0,13.8,226.43988054506303,177.0865420027332,0.0,169.5865420027332,0.0,0,155.7865420027332,32.413824,30.41950333762169,1.9943206623783036,GDI_DEAC_C_TRX11_SS1,700.1294666666668,38.66666666666666,steel,2467.266670808189,94.68593371492564,0.0,0.0,1335,1.0,Compact:sedan:HEV:1.0:{'gasoline':1.0}:car:2.0:0.0:2019:2016.0:5.0:PS_DHE_TRXCV:steel:Toyota,2020,-49.87033333333343,1510.3326946966636,0.0,256.8045094448587,2767.266670808189,72.0,20.0,1.6281763510142275,15.147275179818951,4464.80672768834,3325.3276077084565,0.0,0.0,0.0,GDI_DEAC_C_TRX11_SS1,3825.2913,8875.466746654316,20490.89238205111,7790.134335396797,23032.063677979164,False,1.0,0.0,1.0,0.0,0.0,0.0,0.0,1.0,0.0,0.0,1.0,0.0,0.0,1.0,0.0,0.0,1.0,0.0,1.0,0.0,0.0,0.0,0.0,1.0,0.0,0.0,214.68765389489445,188.98469331064305,184.5111289961777,157.53539379978127,370.4542954023612,226.9854180663289,2.497734778363014,1.2843088680962904,0.0,0.0
85,85,,1,1,ICE,,,,,,,,,0.0,0.0,228.3129049982292,228.3129049982292,0.0,7.5,0,13.8,228.3129049982292,179.1445948704881,0.0,171.6445948704881,0.0,0,157.8445948704881,32.413824,30.821366972790987,1.5924570272090115,GDI_DEAC_C_TRX11_SS1,723.5419400000001,40.6,steel,2542.244108770617,97.56333193256542,0.0,0.0,1335,1.0,Compact:sedan:HEV:1.0:{'gasoline':1.0}:car:2.0:0.0:2019:2016.0:5.0:PS_DHE_TRXCV:steel:Toyota,2020,0.0,1560.203028029997,0.0,258.49914074062,2842.244108770617,72.0,20.0,1.6281763510142275,15.147275179818951,4579.611019475034,3327.1607484929527,0.0,0.0,0.0,GDI_DEAC_C_TRX11_SS1,3877.969365,9334.304746654318,21119.045879622303,7906.771767967986,23291.37175064266,False,1.0,0.0,1.0,0.0,0.0,0.0,0.0,1.0,0.0,0.0,1.0,0.0,0.0,1.0,0.0,0.0,1.0,0.0,1.0,0.0,0.0,0.0,0.0,1.0,0.0,0.0,217.80066333320232,192.1133768122822,187.08970323102704,158.47359691306593,377.2610434628812,227.97282150517424,2.580199038124665,1.3189303770257688,0.0,0.0
86,86,,1,1,ICE,,,,,,,,,0.0,0.0,230.3395098466168,230.3395098466168,0.0,7.5,0,13.8,230.3395098466168,181.32532173564115,0.0,173.82532173564113,0.0,0,160.0253217356411,33.750659923200004,31.247184423388227,2.5034754998117776,GDI_DEAC_C_TRX11_SS1,748.1250370000001,42.63,steel,2621.0025980153587,100.58583500462797,0.0,0.0,1335,1.0,Compact:sedan:HEV:1.0:{'gasoline':1.0}:car:2.0:0.0:2019:2016.0:5.0:PS_DHE_TRXCV:steel:Toyota,2020,52.36385000000003,1612.566878029997,0.0,260.3106829853613,2921.0025980153587,72.0,20.0,1.6281763510142275,15.147275179818951,4698.840718644425,3329.086333077908,0.0,0.0,0.0,GDI_DEAC_C_TRX11_SS1,3933.28133325,9816.084646654315,21777.29303162665,8027.927051722332,23562.90141382403,False,1.0,0.0,1.0,0.0,0.0,0.0,0.0,1.0,0.0,0.0,1.0,0.0,0.0,1.0,0.0,0.0,1.0,0.0,1.0,0.0,0.0,0.0,0.0,1.0,0.0,0.0,221.10373363363885,195.41359679368296,189.82825336479505,159.47394259999822,384.4786707334722,229.0832603492845,2.665926615910534,1.3554167807791395,0.0,0.0
87,87,,1,1,ICE,,,,,,,,,0.0,0.0,220.70357991695803,220.70357991695803,0.0,7.5,0,13.8,220.70357991695803,170.3708658861868,0.0,162.8708658861868,0.0,0,149.0708658861868,32.413824,29.108173556400377,3.305650443599621,GDI_DEAC_C_TRX11_SS1,455.0841533333334,38.66666666666666,aluminum,2216.458086768967,85.06068921077438,0.0,0.0,1335,1.0,Compact:sedan:HEV:1.0:{'gasoline':1.0}:car:2.0:0.0:2019:2016.0:5.0:PS_DHE_TRXCV:steel:Toyota,2020,-49.87033333333343,1510.3326946966636,0.0,251.04123873897024,2516.458086768967,72.0,20.0,1.6281763510142275,15.147275179818951,4071.1312515849622,3319.195530419625,0.0,0.0,0.0,GDI_DEAC_C_TRX11_SS1,4570.929182,8875.466746654316,20836.722710658905,7390.326782004588,23323.31490051987,False,1.0,0.0,1.0,0.0,0.0,0.0,0.0,1.0,0.0,0.0,1.0,0.0,0.0,1.0,0.0,0.0,1.0,0.0,1.0,0.0,0.0,0.0,0.0,1.0,0.0,0.0,204.56268483767937,178.63285418153853,176.14655491862132,154.53911615866036,348.2462405366676,224.3452153069842,2.21559838622967,1.169336415512252,0.0,0.0
88,88,,1,1,ICE,,,,,,,,,0.0,0.0,222.1319506666074,222.1319506666074,0.0,7.5,0,13.8,222.1319506666074,172.12361865160682,0.0,164.62361865160682,0.0,0,150.8236186516068,32.413824,29.450423072387352,2.9634009276126463,GDI_DEAC_C_TRX11_SS1,470.302261,40.6,aluminum,2283.04032522339,87.6159060794973,0.0,0.0,1335,1.0,Compact:sedan:HEV:1.0:{'gasoline':1.0}:car:2.0:0.0:2019:2016.0:5.0:PS_DHE_TRXCV:steel:Toyota,2020,0.0,1560.203028029997,0.0,252.5350361933928,2583.04032522339,72.0,20.0,1.6281763510142275,15.147275179818951,4177.133048858646,3320.8234150226576,0.0,0.0,0.0,GDI_DEAC_C_TRX11_SS1,4648.5415311,9334.304746654318,21480.80274163562,7497.956463881304,23594.31876569493,False,1.0,0.0,1.0,0.0,0.0,0.0,0.0,1.0,0.0,0.0,1.0,0.0,0.0,1.0,0.0,0.0,1.0,0.0,1.0,0.0,0.0,0.0,0.0,1.0,0.0,0.0,207.1998931576052,181.3614489402679,178.32123170224352,155.3083307518257,354.04578584878595,224.92712912900168,2.2914661124549265,1.199728369687527,0.0,0.0
89,89,,1,1,ICE,,,,,,,,,0.0,0.0,223.71183972270896,223.71183972270896,0.0,7.5,0,13.8,223.71183972270896,173.99026674085155,0.0,166.49026674085155,0.0,0,152.69026674085154,33.750659923200004,29.814912244885637,3.935747678314371,GDI_DEAC_C_TRX11_SS1,486.2812740500001,42.63,aluminum,2352.99216076168,90.30043748478973,0.0,0.0,1335,1.0,Compact:sedan:HEV:1.0:{'gasoline':1.0}:car:2.0:0.0:2019:2016.0:5.0:PS_DHE_TRXCV:steel:Toyota,2020,52.36385000000003,1612.566878029997,0.0,254.1440086816829,2652.99216076168,72.0,20.0,1.6281763510142275,15.147275179818951,4287.320923022488,3322.5336836869446,0.0,0.0,0.0,GDI_DEAC_C_TRX11_SS1,4730.034497655,9816.084646654315,22155.973751018748,7609.854606709433,23878.52192523154,False,1.0,0.0,1.0,0.0,0.0,0.0,0.0,1.0,0.0,0.0,1.0,0.0,0.0,1.0,0.0,0.0,1.0,0.0,1.0,0.0,0.0,0.0,0.0,1.0,0.0,0.0,210.01278775432564,184.24422834415347,180.64418923555647,156.13873381168588,360.21800835084923,225.6385392401677,2.370409675269064,1.231760711820703,0.0,0.0
90,90,,1,1,ICE,,,,,,,,,0.0,0.0,221.26309429028817,221.26309429028817,0.0,5.0,0,13.8,221.26309429028817,176.46943305186434,0.0,171.46943305186434,0.0,0,157.66943305186433,32.413824,30.78716417543924,1.626659824560761,GDI_DEAC_C_TRX12_SS0,700.1294666666668,38.66666666666666,steel,2467.266670808189,94.68593371492564,0.0,0.0,1335,1.0,Compact:sedan:HEV:1.0:{'gasoline':1.0}:car:2.0:0.0:2019:2016.0:5.0:PS_DHE_TRXCV:steel:Toyota,2020,-49.87033333333343,1510.3326946966636,0.0,256.8045094448587,2767.266670808189,72.0,20.0,1.6281763510142275,15.147275179818951,4464.80672768834,3156.318303067461,0.0,0.0,0.0,GDI_DEAC_C_TRX12_SS0,3825.2913,8875.466746654316,20321.883077410115,7621.125030755801,22813.798871508003,False,1.0,0.0,0.0,0.0,0.0,0.0,0.0,1.0,0.0,0.0,1.0,0.0,0.0,1.0,0.0,0.0,1.0,0.0,0.0,1.0,0.0,0.0,0.0,1.0,0.0,0.0,216.71226441095016,191.68421908748604,188.14043749517757,152.72336944274588,361.9746566597624,218.8838009584168,2.497734778363014,1.2843088680962904,0.0,0.0
91,91,,1,1,ICE,,,,,,,,,0.0,0.0,223.43315588058735,223.43315588058735,0.0,5.0,0,13.8,223.43315588058735,178.5330911976214,0.0,173.5330911976214,0.0,0,159.73309119762138,32.413824,31.19012231961234,1.2237016803876593,GDI_DEAC_C_TRX12_SS0,723.5419400000001,40.6,steel,2542.244108770617,97.56333193256542,0.0,0.0,1335,1.0,Compact:sedan:HEV:1.0:{'gasoline':1.0}:car:2.0:0.0:2019:2016.0:5.0:PS_DHE_TRXCV:steel:Toyota,2020,0.0,1560.203028029997,0.0,258.49914074062,2842.244108770617,72.0,20.0,1.6281763510142275,15.147275179818951,4579.611019475034,3156.318303067461,0.0,0.0,0.0,GDI_DEAC_C_TRX12_SS0,3877.969365,9334.304746654318,20948.20343419681,7735.929322542494,23074.100018828714,False,1.0,0.0,0.0,0.0,0.0,0.0,0.0,1.0,0.0,0.0,1.0,0.0,0.0,1.0,0.0,0.0,1.0,0.0,0.0,1.0,0.0,0.0,0.0,1.0,0.0,0.0,219.8775063167954,194.8694958706089,190.8118292229645,153.59379967811964,369.1886023151296,220.25162522512215,2.580199038124665,1.3189303770257688,0.0,0.0
92,92,,1,1,ICE,,,,,,,,,0.0,0.0,225.732442982836,225.732442982836,0.0,5.0,0,13.8,225.732442982836,180.71810305247084,0.0,175.71810305247084,0.0,0,161.91810305247083,33.750659923200004,31.616776474437664,2.13388344876234,GDI_DEAC_C_TRX12_SS0,748.1250370000001,42.63,steel,2621.0025980153587,100.58583500462797,0.0,0.0,1335,1.0,Compact:sedan:HEV:1.0:{'gasoline':1.0}:car:2.0:0.0:2019:2016.0:5.0:PS_DHE_TRXCV:steel:Toyota,2020,52.36385000000003,1612.566878029997,0.0,260.3106829853613,2921.0025980153587,72.0,20.0,1.6281763510142275,15.147275179818951,4698.840718644425,3156.318303067461,0.0,0.0,0.0,GDI_DEAC_C_TRX12_SS0,3933.28133325,9816.084646654315,21604.525001616203,7855.159021711885,23346.29858377112,False,1.0,0.0,0.0,0.0,0.0,0.0,0.0,1.0,0.0,0.0,1.0,0.0,0.0,1.0,0.0,0.0,1.0,0.0,0.0,1.0,0.0,0.0,0.0,1.0,0.0,0.0,223.2261108750496,198.2307215858753,193.6392125060888,154.5236797890115,376.7657798494467,221.7104808025124,2.665926615910534,1.3554167807791395,0.0,0.0
93,93,,1,1,ICE,,,,,,,,,0.0,0.0,214.1910196523556,214.1910196523556,0.0,5.0,0,13.8,214.1910196523556,169.72121480062006,0.0,164.72121480062006,0.0,0,150.92121480062005,32.413824,29.469480086828277,2.944343913171725,GDI_DEAC_C_TRX12_SS0,455.0841533333334,38.66666666666666,aluminum,2216.458086768967,85.06068921077438,0.0,0.0,1335,1.0,Compact:sedan:HEV:1.0:{'gasoline':1.0}:car:2.0:0.0:2019:2016.0:5.0:PS_DHE_TRXCV:steel:Toyota,2020,-49.87033333333343,1510.3326946966636,0.0,251.04123873897024,2516.458086768967,72.0,20.0,1.6281763510142275,15.147275179818951,4071.1312515849622,3156.318303067461,0.0,0.0,0.0,GDI_DEAC_C_TRX12_SS0,4570.929182,8875.466746654316,20673.845483306737,7227.449554652423,23098.472699486145,False,1.0,0.0,0.0,0.0,0.0,0.0,0.0,1.0,0.0,0.0,1.0,0.0,0.0,1.0,0.0,0.0,1.0,0.0,0.0,1.0,0.0,0.0,0.0,1.0,0.0,0.0,206.341450003279,181.1560715230159,179.39890650949678,149.95525775756394,337.8580454408664,214.5198945200097,2.21559838622967,1.169336415512252,0.0,0.0
94,94,,1,1,ICE,,,,,,,,,0.0,0.0,216.0341467710146,216.0341467710146,0.0,5.0,0,13.8,216.0341467710146,171.48500159901013,0.0,166.48500159901013,0.0,0,152.68500159901012,32.413824,29.81388415222911,2.5999398477708877,GDI_DEAC_C_TRX12_SS0,470.302261,40.6,aluminum,2283.04032522339,87.6159060794973,0.0,0.0,1335,1.0,Compact:sedan:HEV:1.0:{'gasoline':1.0}:car:2.0:0.0:2019:2016.0:5.0:PS_DHE_TRXCV:steel:Toyota,2020,0.0,1560.203028029997,0.0,252.5350361933928,2583.04032522339,72.0,20.0,1.6281763510142275,15.147275179818951,4177.133048858646,3156.318303067461,0.0,0.0,0.0,GDI_DEAC_C_TRX12_SS0,4648.5415311,9334.304746654318,21316.297629680423,7333.451351926107,23371.794957166683,False,1.0,0.0,0.0,0.0,0.0,0.0,0.0,1.0,0.0,0.0,1.0,0.0,0.0,1.0,0.0,0.0,1.0,0.0,0.0,1.0,0.0,0.0,0.0,1.0,0.0,0.0,209.05539722644917,183.92921036027855,181.68442970325032,150.66412941183276,344.2557094718505,215.6393042151748,2.2914661124549265,1.199728369687527,0.0,0.0
95,95,,1,1,ICE,,,,,,,,,0.0,0.0,217.9996275026392,217.9996275026392,0.0,5.0,0,13.8,217.9996275026392,173.36125764386378,0.0,168.36125764386378,0.0,0,154.56125764386377,33.750659923200004,30.180249412571417,3.5704105106285877,GDI_DEAC_C_TRX12_SS0,486.2812740500001,42.63,aluminum,2352.99216076168,90.30043748478973,0.0,0.0,1335,1.0,Compact:sedan:HEV:1.0:{'gasoline':1.0}:car:2.0:0.0:2019:2016.0:5.0:PS_DHE_TRXCV:steel:Toyota,2020,52.36385000000003,1612.566878029997,0.0,254.1440086816829,2652.99216076168,72.0,20.0,1.6281763510142275,15.147275179818951,4287.320923022488,3156.318303067461,0.0,0.0,0.0,GDI_DEAC_C_TRX12_SS0,4730.034497655,9816.084646654315,21989.758370399264,7443.639226089949,23657.956632212172,False,1.0,0.0,0.0,0.0,0.0,0.0,0.0,1.0,0.0,0.0,1.0,0.0,0.0,1.0,0.0,0.0,1.0,0.0,0.0,1.0,0.0,0.0,0.0,1.0,0.0,0.0,211.93970500738692,186.86066965295475,184.11517513760117,151.4307783048604,350.98163879149206,216.8485781452635,2.370409675269064,1.231760711820703,0.0,0.0
96,96,,1,1,ICE,,,,,,,,,0.0,0.0,218.83730872981565,218.83730872981565,0.0,7.5,0,13.8,218.83730872981565,171.656814098307,0.0,164.156814098307,0.0,0,150.35681409830698,32.413824,29.359272948091817,3.054551051908181,GDI_DEAC_C_TRX12_SS1,700.1294666666668,38.66666666666666,steel,2467.266670808189,94.68593371492564,0.0,0.0,1335,1.0,Compact:sedan:HEV:1.0:{'gasoline':1.0}:car:2.0:0.0:2019:2016.0:5.0:PS_DHE_TRXCV:steel:Toyota,2020,-49.87033333333343,1510.3326946966636,0.0,256.8045094448587,2767.266670808189,72.0,20.0,1.6281763510142275,15.147275179818951,4464.80672768834,3670.8717118535305,0.0,0.0,0.0,GDI_DEAC_C_TRX12_SS1,3825.2913,8875.466746654316,20836.436486196188,8135.678439541871,23305.271689511865,False,1.0,0.0,1.0,0.0,0.0,0.0,0.0,1.0,0.0,0.0,1.0,0.0,0.0,1.0,0.0,0.0,1.0,0.0,0.0,1.0,0.0,0.0,0.0,1.0,0.0,0.0,210.48816994532143,181.17822584841244,181.2898533148488,152.55711159692632,360.91201391466376,218.82977637638635,2.497734778363014,1.2843088680962904,0.0,0.0
97,97,,1,1,ICE,,,,,,,,,0.0,0.0,220.97583529075075,220.97583529075075,0.0,7.5,0,13.8,220.97583529075075,173.6548429816895,0.0,166.1548429816895,0.0,0,152.3548429816895,32.413824,29.749416059976618,2.6644079400233807,GDI_DEAC_C_TRX12_SS1,723.5419400000001,40.6,steel,2542.244108770617,97.56333193256542,0.0,0.0,1335,1.0,Compact:sedan:HEV:1.0:{'gasoline':1.0}:car:2.0:0.0:2019:2016.0:5.0:PS_DHE_TRXCV:steel:Toyota,2020,0.0,1560.203028029997,0.0,258.49914074062,2842.244108770617,72.0,20.0,1.6281763510142275,15.147275179818951,4579.611019475034,3672.7048526380263,0.0,0.0,0.0,GDI_DEAC_C_TRX12_SS1,3877.969365,9334.304746654318,21464.58998376738,8252.31587211306,23567.105931677343,False,1.0,0.0,1.0,0.0,0.0,0.0,0.0,1.0,0.0,0.0,1.0,0.0,0.0,1.0,0.0,0.0,1.0,0.0,0.0,1.0,0.0,0.0,0.0,1.0,0.0,0.0,213.5502765476213,184.2130414339626,183.85299389856976,153.4394329728318,368.1687045503277,220.1987127839756,2.580199038124665,1.3189303770257688,0.0,0.0
98,98,,1,1,ICE,,,,,,,,,0.0,0.0,223.24224343105908,223.24224343105908,0.0,7.5,0,13.8,223.24224343105908,175.7705665090747,0.0,168.2705665090747,0.0,0,154.4705665090747,33.750659923200004,30.162540698827964,3.58811922437204,GDI_DEAC_C_TRX12_SS1,748.1250370000001,42.63,steel,2621.0025980153587,100.58583500462797,0.0,0.0,1335,1.0,Compact:sedan:HEV:1.0:{'gasoline':1.0}:car:2.0:0.0:2019:2016.0:5.0:PS_DHE_TRXCV:steel:Toyota,2020,52.36385000000003,1612.566878029997,0.0,260.3106829853613,2921.0025980153587,72.0,20.0,1.6281763510142275,15.147275179818951,4698.840718644425,3674.630437222982,0.0,0.0,0.0,GDI_DEAC_C_TRX12_SS1,3933.28133325,9816.084646654315,22122.83713577173,8373.471155867406,23840.917248166927,False,1.0,0.0,1.0,0.0,0.0,0.0,0.0,1.0,0.0,0.0,1.0,0.0,0.0,1.0,0.0,0.0,1.0,0.0,0.0,1.0,0.0,0.0,0.0,1.0,0.0,0.0,216.7913431932539,187.41623103539925,186.5674260921084,154.38056215240545,375.7918097045489,221.6588589169592,2.665926615910534,1.3554167807791395,0.0,0.0
99,99,,1,1,ICE,,,,,,,,,0.0,0.0,211.8729557867609,211.8729557867609,0.0,7.5,0,13.8,211.8729557867609,165.12527450472444,0.0,157.62527450472444,0.0,0,143.82527450472443,32.413824,28.08389840089051,4.329925599109487,GDI_DEAC_C_TRX12_SS1,455.0841533333334,38.66666666666666,aluminum,2216.458086768967,85.06068921077438,0.0,0.0,1335,1.0,Compact:sedan:HEV:1.0:{'gasoline':1.0}:car:2.0:0.0:2019:2016.0:5.0:PS_DHE_TRXCV:steel:Toyota,2020,-49.87033333333343,1510.3326946966636,0.0,251.04123873897024,2516.458086768967,72.0,20.0,1.6281763510142275,15.147275179818951,4071.1312515849622,3664.739634564699,0.0,0.0,0.0,GDI_DEAC_C_TRX12_SS1,4570.929182,8875.466746654316,21182.266814803977,7735.870886149662,23584.838378430817,False,1.0,0.0,1.0,0.0,0.0,0.0,0.0,1.0,0.0,0.0,1.0,0.0,0.0,1.0,0.0,0.0,1.0,0.0,0.0,1.0,0.0,0.0,0.0,1.0,0.0,0.0,200.46849879999897,171.15334664496098,172.91645524190957,149.73931817671058,336.6638878945517,214.4632847337668,2.21559838622967,1.169336415512252,0.0,0.0
